A0A010	A0A010	100.000	260	0	0	1	260	1	260	0.0	518
A0A010	O69787	25.472	106	71	4	120	221	61	162	0.098	26.6
A0A010	O07747	28.395	81	49	2	147	221	88	165	0.37	24.3
A0A010	Q9M8R4	24.370	119	58	6	117	230	50	141	1.3	23.1
A0A010	Q15208	31.429	35	24	0	163	197	383	417	1.7	22.7
A0A010	Q9NRQ2	28.846	52	35	1	95	146	205	254	3.0	21.9
A0A010	P37090	39.286	28	17	0	60	87	221	248	5.3	21.2
A0A010	Q87SR8	40.909	22	13	0	18	39	61	82	9.2	20.4
A0A024RAV5	A0A024RAV5	100.000	188	0	0	1	188	1	188	9.78e-143	388
A0A024RAV5	Q38503	57.143	14	6	0	23	36	1	14	0.29	22.7
A0A024RAV5	P67087	32.911	79	40	5	66	131	178	256	0.84	22.7
A0A024RAV5	P0A6H1	29.310	58	34	2	94	148	94	147	3.3	21.2
A0A024RAV5	Q84527	60.000	15	6	0	105	119	311	325	3.8	20.8
A0A024RAV5	Q99FX5	40.000	20	12	0	98	117	421	440	4.8	20.8
A0A024RAV5	C9K1X5	33.333	30	20	0	125	154	5	34	5.1	20.4
A0A024RAV5	Q9Y5P4	22.430	107	74	3	12	109	64	170	7.0	20.0
A0A024RAV5	P09167	21.951	41	32	0	38	78	44	84	8.9	20.0
A0A0D5YE19	A0A0D5YE19	100.000	316	0	0	1	316	1	316	0.0	658
A0A0D5YE19	C6KSZ2	34.694	49	31	1	2	50	384	431	0.96	23.9
A0A0D5YE19	Q6Q0J0	31.250	48	25	2	133	180	279	318	1.7	22.7
A0A0D5YE19	P37173	40.000	25	15	0	224	248	473	497	3.4	21.9
A0A0D5YE19	Q1MVD4	30.303	33	16	1	86	111	28	60	5.6	20.4
A0A0D5YE19	P17901	28.000	50	26	1	266	315	235	274	5.9	21.2
A0A0D5YE19	Q889N2	52.381	21	8	1	16	34	12	32	6.1	20.4
A0A0F4FI39	A0A0F4FI39	100.000	334	0	0	1	334	1	334	0.0	687
A0A0F4FI39	P10746	29.412	85	46	4	207	291	185	255	0.59	24.3
A0A0F4FI39	P08921	22.807	57	42	1	224	278	65	121	1.8	23.1
A0A0F4FI39	Q12163	27.273	55	39	1	235	288	63	117	2.1	22.7
A0A0F4FI39	P11086	39.394	33	20	0	106	138	205	237	2.4	22.3
A0A0F4FI39	P46075	26.263	99	64	3	186	276	23	120	4.4	21.9
A0A0F4FI39	Q9BY41	22.000	100	62	3	133	226	61	150	7.1	21.2
A0A0F4FI39	D9PY12	47.826	23	11	1	181	202	160	182	9.0	20.4
A0A0F4FI39	Q9BZI7	25.641	39	24	1	220	258	60	93	9.2	20.8
A0A0F4FI39	D0CY60	30.769	26	18	0	176	201	114	139	9.8	20.4
A0A0H2VDD2	A0A0H2VDD2	100.000	207	0	0	1	207	1	207	8.95e-155	421
A0A0H2VDD2	A3DBG4	31.818	66	31	3	111	176	213	264	0.15	25.4
A0A0H2VDD2	Q7A189	23.894	113	59	5	26	119	3	107	0.18	24.3
A0A0H2VDD2	Q4KC91	53.846	13	6	0	144	156	55	67	3.5	20.8
A0A0H2VDD2	Q4KC91	31.111	45	28	2	95	136	92	136	5.9	20.4
A0A0H2VDD2	P31340	30.189	53	33	1	22	74	62	110	6.1	20.4
A0A0H3JPM4	A0A0H3JPM4	100.000	114	0	0	1	114	1	114	8.64e-82	228
A0A0H3JPM4	Q9H7Z6	31.667	60	32	2	54	113	354	404	0.93	21.9
A0A0H3JPM4	Q9Y5P4	31.034	29	20	0	86	114	275	303	2.4	20.8
A0A0H3JPM4	P23945	34.146	41	26	1	44	84	94	133	4.7	19.6
A0A0H3JPM4	P45379	30.556	36	18	1	68	103	224	252	4.9	19.6
A0A0H3JPM4	Q889N2	50.000	16	8	0	34	49	3	18	8.4	18.5
A0A109PTH9	A0A109PTH9	100.000	528	0	0	1	528	1	528	0.0	1096
A0A109PTH9	P09167	29.870	77	42	5	247	320	325	392	3.1	23.1
A0A109PTH9	D9SIP4	40.000	15	9	0	169	183	58	72	3.5	22.7
A0A109PTH9	Q51782	42.857	21	12	0	230	250	344	364	4.0	22.7
A0A109PTH9	Q8A336	25.806	62	45	1	428	488	57	118	6.5	21.6
A0A1Z1F9L9	A0A1Z1F9L9	100.000	205	0	0	1	205	1	205	1.33e-148	405
A0A1Z1F9L9	Q51782	66.667	12	4	0	167	178	377	388	9.0	20.0
A0A1Z1F9L9	O74859	33.333	24	16	0	137	160	203	226	9.3	19.6
A0A1Z1F9L9	O95147	35.294	17	11	0	148	164	180	196	9.8	19.6
A0A223GEC9	A0A223GEC9	100.000	274	0	0	1	274	1	274	0.0	566
A0A223GEC9	Q9M8R4	40.625	32	18	1	204	234	237	268	0.32	25.0
A0A223GEC9	A0QWG5	40.000	25	15	0	94	118	70	94	2.9	21.9
A0A223GEC9	Q88CM1	29.091	55	37	1	60	112	36	90	3.7	21.6
A0A223GEC9	P06229	22.642	106	65	5	144	244	149	242	5.0	21.2
A0A223GEC9	C0JWR6	33.333	18	12	0	110	127	12	29	8.4	20.4
A0A223GEC9	A0A0F4FI39	27.500	40	29	0	74	113	236	275	9.1	20.4
A0A223GEC9	P13717	38.462	26	16	0	173	198	204	229	9.3	20.4
A0PL01	A0PL01	100.000	161	0	0	1	161	1	161	5.56e-116	318
A0PL01	Q9XCC7	41.935	31	15	1	111	141	90	117	2.3	21.2
A0PL01	P09167	37.143	35	18	1	89	119	9	43	3.4	20.8
A0PL01	C6KSZ2	22.388	67	45	2	67	127	348	413	6.4	20.0
A0QP50	A0QP50	100.000	87	0	0	1	87	1	87	1.95e-60	172
A0QP50	D9PY12	35.294	34	22	0	37	70	160	193	0.018	25.8
A0QP50	P37090	54.545	22	8	2	64	83	612	633	0.54	21.9
A0QP50	Q13227	40.000	25	14	1	44	68	172	195	1.5	20.4
A0QP50	O60016	40.000	15	9	0	11	25	340	354	2.6	19.6
A0QP50	Q9RHG4	42.105	19	11	0	25	43	51	69	4.9	18.9
A0QP50	P15529	27.273	22	16	0	46	67	134	155	9.3	18.1
A0QWG5	A0QWG5	100.000	304	0	0	1	304	1	304	0.0	614
A0QWG5	Q8ZVX8	30.645	62	37	3	182	242	35	91	0.20	25.0
A0QWG5	Q3U4G3	36.364	22	14	0	280	301	303	324	0.69	24.3
A0QWG5	Q5LAZ3	32.692	52	23	3	208	255	21	64	1.1	22.7
A0QWG5	O29915	32.258	31	18	1	89	116	323	353	2.7	22.3
A0QWG5	A0A223GEC9	40.000	25	15	0	70	94	94	118	2.9	21.9
A0QWG5	P46075	52.941	17	8	0	31	47	606	622	3.5	21.9
A0QWG5	Q87W03	31.579	38	21	1	252	284	103	140	5.8	20.8
A0QWG5	P9WGX5	45.455	22	12	0	166	187	207	228	7.1	20.8
A0QWG5	D9SIP4	23.529	85	54	3	26	103	129	209	8.6	20.8
A1JSR8	A1JSR8	100.000	120	0	0	1	120	1	120	2.09e-86	241
A1JSR8	P10109	28.378	74	40	4	6	75	70	134	0.093	24.6
A1JSR8	P49599	23.750	80	39	2	11	90	280	337	0.099	24.6
A1JSR8	P06229	33.333	18	12	0	17	34	143	160	1.2	21.6
A1JSR8	P31340	29.730	37	26	0	4	40	50	86	5.0	19.6
A1JSR8	O07747	30.435	23	16	0	15	37	58	80	6.3	19.2
A1JSR8	O69787	27.273	33	23	1	87	118	271	303	8.0	19.2
A1JSR8	O00762	28.947	38	18	1	36	73	99	127	9.0	18.9
A3DBG4	A3DBG4	100.000	419	0	0	1	419	1	419	0.0	863
A3DBG4	F6BCS4	34.667	75	39	4	285	355	78	146	0.017	29.6
A3DBG4	A0A0H2VDD2	31.818	66	31	3	213	264	111	176	0.23	25.8
A3DBG4	Q55554	34.375	32	21	0	337	368	78	109	0.35	25.0
A3DBG4	Q8TBZ6	40.909	22	13	0	76	97	82	103	3.2	22.7
A3DBG4	Q5LAZ3	29.167	72	46	4	256	325	17	85	5.8	20.8
A3DBG4	D9PY12	32.258	31	21	0	255	285	111	141	6.7	21.2
A6V1E4	A6V1E4	100.000	258	0	0	1	258	1	258	0.0	528
A6V1E4	P9WN95	41.667	24	14	0	191	214	131	154	1.6	22.7
A6V1E4	Q99538	25.862	58	30	2	149	204	246	292	1.7	22.7
A6V1E4	Q99538	21.875	96	63	2	141	231	161	249	9.9	20.4
A6V1E4	P02836	29.268	41	28	1	176	215	433	473	4.1	21.6
A6V1E4	Q9Y5P4	42.857	14	8	0	219	232	151	164	4.6	21.2
A6V1E4	Q84527	22.500	40	28	1	131	170	329	365	5.5	21.2
A6V1E4	B8HDZ1	32.000	25	17	0	187	211	257	281	6.5	20.8
A6V1E4	P11086	26.154	65	38	2	4	63	30	89	6.5	20.8
A9CID8	A9CID8	100.000	217	0	0	1	217	1	217	5.85e-160	434
A9CID8	Q8DWD0	26.923	52	38	0	14	65	27	78	0.004	30.0
A9CID8	P13081	34.545	55	31	2	112	164	23	74	0.46	23.5
A9CID8	Q38503	32.558	43	27	1	154	196	16	56	1.0	21.6
A9CID8	Q72GF3	27.184	103	64	5	17	112	155	253	3.1	21.6
A9CID8	P20581	27.027	37	27	0	33	69	35	71	4.6	20.8
A9CID8	O68720	30.435	46	30	1	127	172	2	45	8.3	20.0
A9CID8	O00762	29.268	41	22	1	19	59	35	68	9.1	19.6
A9CIG0	A9CIG0	100.000	116	0	0	1	116	1	116	3.35e-85	237
A9CIG0	P13081	24.370	119	80	4	7	115	1	119	0.23	23.1
A9CIG0	P13717	30.000	50	34	1	37	85	195	244	0.96	21.6
A9CIG0	Q8A336	29.412	34	24	0	33	66	140	173	0.99	21.6
A9CIG0	P11349	31.250	48	29	1	36	83	354	397	4.6	19.6
A9CIG0	P0A3Q9	32.353	34	23	0	60	93	155	188	6.5	19.2
A9CIG0	Q5SM28	25.926	27	20	0	65	91	7	33	7.2	19.2
A9CIG0	G7K2D1	40.000	15	9	0	35	49	256	270	7.6	19.2
A9CIG0	Q9P7M3	34.615	26	16	1	11	35	27	52	8.0	18.9
B2TEV0	B2TEV0	100.000	129	0	0	1	129	1	129	2.71e-96	266
B2TEV0	P13081	27.820	133	81	6	1	129	1	122	0.003	28.9
B2TEV0	C7MT25	25.424	59	42	1	40	96	30	88	0.21	23.9
B2TEV0	F7YBW8	39.394	33	20	0	58	90	56	88	0.80	21.6
B2TEV0	G4RIN4	35.714	28	13	2	102	127	200	224	4.4	20.0
B2TEV0	B4RLV9	27.119	59	31	1	82	128	71	129	5.9	19.6
B2TEV0	P16778	31.250	16	11	0	101	116	321	336	6.3	19.6
B3PDE5	B3PDE5	100.000	360	0	0	1	360	1	360	0.0	749
B3PDE5	P30014	42.105	19	11	0	316	334	95	113	0.62	24.3
B3PDE5	Q9H0F5	31.707	41	26	1	122	162	291	329	0.95	23.9
B3PDE5	P14831	21.918	73	51	1	47	119	52	118	1.1	23.5
B3PDE5	P67087	37.500	32	18	1	62	93	73	102	1.6	23.1
B3PDE5	Q9Y6K8	20.253	79	55	2	228	304	123	195	3.1	22.3
B3PDE5	C6KSZ2	37.037	27	17	0	81	107	195	221	3.5	22.3
B3PDE5	P17901	28.571	84	47	3	62	134	305	386	3.8	21.9
B3PDE5	W6EQP0	32.258	31	21	0	133	163	116	146	3.9	21.9
B3PDE5	Q15208	36.000	25	16	0	211	235	414	438	7.4	21.2
B4RLV9	B4RLV9	100.000	227	0	0	1	227	1	227	1.19e-169	460
B4RLV9	Q0I165	25.688	218	137	7	5	207	14	221	8.60e-17	70.1
B4RLV9	P9WQ67	44.444	18	10	0	79	96	41	58	1.8	22.3
B4RLV9	P9WQ67	30.189	53	30	3	50	99	315	363	5.9	20.8
B4RLV9	Q889N2	34.483	29	19	0	117	145	36	64	4.0	20.4
B4RLV9	P37173	40.909	22	13	0	164	185	544	565	7.0	20.4
B8HDZ1	B8HDZ1	100.000	445	0	0	1	445	1	445	0.0	903
B8HDZ1	D9PY12	25.510	98	59	4	214	311	106	189	0.12	26.9
B8HDZ1	P11086	28.947	38	27	0	289	326	236	273	4.5	21.9
B8HDZ1	Q7Z6B0	47.059	17	9	0	387	403	424	440	5.4	21.9
B8HDZ1	P46075	26.786	56	37	2	386	441	447	498	9.8	21.2
C0JWR6	C0JWR6	100.000	170	0	0	1	170	1	170	2.66e-124	340
C0JWR6	O60888	36.364	22	14	0	40	61	143	164	1.6	21.6
C0JWR6	P08921	22.857	35	27	0	133	167	44	78	4.1	20.8
C0JWR6	P0A3Q9	31.250	48	26	2	122	169	143	183	4.4	20.4
C0JWR6	A0A223GEC9	33.333	18	12	0	12	29	110	127	4.7	20.4
C0JWR6	Q8VSD5	43.750	16	9	0	115	130	167	182	6.6	20.0
C0JWR6	Q9Y5P4	35.000	20	13	0	129	148	381	400	6.8	20.0
C0JWR6	Q9XVS8	28.571	49	34	1	110	157	28	76	9.4	19.6
C4YMW2	C4YMW2	100.000	339	0	0	1	339	1	339	0.0	708
C4YMW2	P13717	31.944	72	42	4	1	69	51	118	1.1	23.5
C4YMW2	O95147	24.561	57	35	1	88	136	129	185	1.7	22.7
C4YMW2	O41136	22.642	53	41	0	72	124	13	65	5.1	21.2
C4YMW2	Q15208	44.000	25	10	1	302	322	335	359	5.6	21.6
C4YMW2	O75223	27.907	43	31	0	98	140	67	109	7.0	20.8
C4YMW2	O25175	28.571	35	25	0	91	125	234	268	7.2	21.2
C4YMW2	Q9Y6K8	34.000	50	23	2	39	84	124	167	7.6	21.2
C4YMW2	P37551	60.000	10	4	0	228	237	13	22	9.5	20.8
C6KSZ2	C6KSZ2	100.000	432	0	0	1	432	1	432	0.0	887
C6KSZ2	A0A0D5YE19	34.694	49	31	1	384	431	2	50	1.4	23.9
C6KSZ2	B3PDE5	38.462	26	16	0	195	220	81	106	3.5	22.3
C6KSZ2	O43504	36.364	22	14	0	197	218	70	91	8.4	20.4
C7MT25	C7MT25	100.000	287	0	0	1	287	1	287	0.0	584
C7MT25	Q8DWD0	37.097	62	39	0	89	150	19	80	7.03e-08	45.1
C7MT25	Q9XCC7	25.806	62	46	0	92	153	5	66	5.77e-04	33.5
C7MT25	Q87SR8	36.000	50	26	3	92	139	81	126	0.21	25.8
C7MT25	B2TEV0	25.424	59	42	1	30	88	40	96	0.48	23.9
C7MT25	P49599	35.714	28	14	1	42	69	202	225	2.1	22.3
C7MT25	P37173	35.484	31	18	1	185	213	4	34	2.4	22.3
C7MT25	Q01786	26.866	67	39	3	108	165	329	394	2.6	22.3
C7MT25	Q2G542	30.159	63	39	2	157	214	105	167	3.1	21.9
C7MT25	Q84527	57.143	14	6	0	176	189	294	307	4.7	21.6
C7MT25	P16048	30.000	30	21	0	157	186	53	82	5.1	21.2
C7MT25	P34913	50.000	14	7	0	267	280	500	513	6.0	21.2
C7MT25	P38877	32.432	37	25	0	227	263	51	87	7.5	20.4
C7MT25	B3PDE5	23.333	60	45	1	113	171	105	164	8.4	20.4
C7MT25	P0A734	40.741	27	16	0	118	144	21	47	9.0	19.6
C9K1X5	C9K1X5	100.000	307	0	0	1	307	1	307	0.0	642
C9K1X5	Q5SIT3	29.167	48	26	1	10	57	20	59	2.6	21.2
C9K1X5	Q99FX5	27.500	40	29	0	51	90	348	387	3.1	21.9
C9K1X5	Q38846	42.857	21	12	0	26	46	150	170	3.9	21.9
C9K1X5	A0A024RAV5	33.333	30	20	0	5	34	125	154	8.6	20.4
C9K1X5	S7UWA0	23.913	46	31	1	18	63	349	390	9.2	20.8
D0CY60	D0CY60	100.000	192	0	0	1	192	1	192	5.11e-144	392
D0CY60	D9SIP4	30.303	33	22	1	21	53	26	57	1.8	21.9
D0CY60	P0A6H1	40.000	25	15	0	27	51	292	316	3.3	21.2
D0CY60	A0A0F4FI39	30.769	26	18	0	114	139	176	201	5.5	20.4
D0VWS5	D0VWS5	100.000	201	0	0	1	201	1	201	2.66e-152	414
D0VWS5	Q9UNP9	36.486	148	78	4	16	160	154	288	1.05e-20	80.9
D0VWS5	Q13227	52.941	17	8	0	181	197	38	54	5.5	20.4
D3GUV9	D3GUV9	100.000	576	0	0	1	576	1	576	0.0	1174
D3GUV9	P15289	32.692	52	33	1	465	514	386	437	0.32	26.2
D3GUV9	P9WQ67	24.405	168	112	7	170	327	223	385	2.0	23.9
D3GUV9	P56162	42.308	26	12	1	259	281	173	198	2.7	23.1
D3GUV9	P9WK15	44.000	25	14	0	353	377	185	209	4.8	22.3
D3GUV9	P11086	36.842	19	12	0	76	94	209	227	7.0	21.9
D3GUV9	G3XP38	34.483	29	17	1	489	517	62	88	8.8	21.6
D9PY12	D9PY12	100.000	212	0	0	1	212	1	212	1.88e-156	425
D9PY12	A0QP50	35.294	34	22	0	160	193	37	70	0.043	25.8
D9PY12	B8HDZ1	25.510	98	59	4	106	189	214	311	0.054	26.9
D9PY12	P02836	42.105	19	11	0	157	175	516	534	0.60	23.9
D9PY12	Q9BTE3	24.138	58	40	1	57	114	557	610	2.5	21.9
D9PY12	Q9M8R4	25.287	87	39	3	36	116	175	241	3.1	21.6
D9PY12	A3DBG4	32.258	31	21	0	111	141	255	285	3.7	21.2
D9PY12	Q99538	25.641	78	44	4	86	154	97	169	5.0	20.8
D9PY12	A0A0F4FI39	47.826	23	11	1	160	182	181	202	5.1	20.8
D9PY12	Q91UM2	38.889	18	11	0	183	200	18	35	5.2	20.8
D9PY12	Q9BY41	39.286	28	17	0	107	134	94	121	8.0	20.0
D9PY12	P45379	33.333	24	16	0	44	67	88	111	9.0	20.0
D9SIP4	D9SIP4	100.000	595	0	0	1	595	1	595	0.0	1195
D9SIP4	P16778	37.778	45	20	3	198	242	237	273	3.2	23.1
D9SIP4	A0A109PTH9	40.000	15	9	0	58	72	169	183	4.0	22.7
D9SIP4	P0A734	33.333	45	28	2	73	116	37	80	7.0	21.2
D9SIP4	Q6Q0J0	24.324	37	28	0	415	451	184	220	7.1	21.9
D9SIP4	Q9BZE9	41.667	24	14	0	22	45	246	269	8.5	21.9
E1BSW7	E1BSW7	100.000	139	0	0	1	139	1	139	5.45e-103	284
E1BSW7	Q99FX5	35.000	40	26	0	98	137	456	495	0.42	23.5
E1BSW7	Q87SR8	32.258	31	21	0	92	122	24	54	5.5	20.0
E1BSW7	Q8ML92	26.923	26	19	0	43	68	27	52	6.4	19.2
E1BSW7	P02881	26.471	34	25	0	52	85	1	34	9.4	18.1
F6BCS4	F6BCS4	100.000	263	0	0	1	263	1	263	0.0	525
F6BCS4	A3DBG4	34.667	75	39	4	78	146	285	355	0.009	30.0
F6BCS4	Q9M8R4	33.846	65	38	2	6	70	136	195	0.43	24.6
F6BCS4	G4RIN4	30.909	55	36	2	28	82	101	153	0.48	24.3
F6BCS4	Q38846	32.911	79	41	4	37	112	236	305	1.9	22.7
F6BCS4	P10746	33.333	36	24	0	190	225	109	144	2.4	21.9
F6BCS4	F7YBW8	47.368	19	10	0	7	25	25	43	6.8	20.0
F6BCS4	Q3YPH0	29.825	57	32	2	127	182	1	50	7.9	20.0
F6BCS4	O67757	23.214	56	41	1	196	249	113	168	8.4	20.4
F6BCS4	O67757	43.750	32	16	1	74	103	167	198	9.2	20.4
F6BCS4	Q9H7Z6	27.778	36	26	0	81	116	234	269	8.9	20.4
F6BCS4	Q9HU04	50.000	14	7	0	148	161	44	57	9.1	20.0
F7YBW8	F7YBW8	100.000	93	0	0	1	93	1	93	6.36e-66	187
F7YBW8	Q8A336	37.500	24	15	0	69	92	103	126	0.23	23.1
F7YBW8	B2TEV0	39.394	33	20	0	56	88	58	90	0.58	21.6
F7YBW8	Q9H7Z6	22.034	59	42	1	4	62	104	158	0.73	21.6
F7YBW8	F6BCS4	47.368	19	10	0	25	43	7	25	2.2	20.0
F7YBW8	Q9UNP9	26.471	34	21	1	41	70	256	289	3.4	19.6
F7YBW8	Q9Y5P4	29.787	47	25	1	2	40	222	268	4.2	19.2
F7YBW8	O31511	27.907	43	25	1	27	69	5	41	4.4	19.2
F7YBW8	Q9H1R3	30.769	26	17	1	3	27	341	366	5.2	19.2
F7YBW8	P23657	38.462	13	8	0	48	60	1	13	7.7	18.5
F9USS0	F9USS0	100.000	144	0	0	1	144	1	144	7.70e-107	294
F9USS0	Q9Y5P4	44.000	25	14	0	34	58	498	522	0.082	25.4
F9USS0	Q12285	29.487	78	36	4	41	118	128	186	0.39	23.1
F9USS0	P13717	33.871	62	31	3	22	80	51	105	2.1	21.2
F9USS0	P34913	28.205	39	26	1	28	64	355	393	4.4	20.4
F9USS0	A6V1E4	25.714	35	26	0	42	76	93	127	6.3	19.6
F9USS0	P14831	41.379	29	12	1	114	142	176	199	7.5	19.2
F9USS0	P06601	38.095	21	13	0	96	116	311	331	7.8	19.6
F9USS0	O60888	25.000	36	23	1	64	99	71	102	9.5	18.9
F9UST4	F9UST4	100.000	276	0	0	1	276	1	276	0.0	565
F9UST4	Q51782	25.444	169	97	9	79	239	199	346	0.014	29.3
F9UST4	Q9BTE3	36.735	49	27	2	29	76	458	503	0.74	23.9
F9UST4	P37090	38.462	39	22	1	112	150	284	320	1.0	23.5
F9UST4	Q9H7Z6	36.364	22	14	0	79	100	174	195	2.2	22.3
F9UST4	O74859	17.857	84	67	1	54	135	121	204	2.5	21.9
F9UST4	P37173	45.000	20	11	0	188	207	299	318	3.8	21.6
F9UST4	O29915	35.135	37	15	3	204	233	262	296	4.2	21.6
F9UST4	Q84527	50.000	14	7	0	222	235	334	347	5.5	21.2
F9UST4	P09167	32.727	55	31	2	110	158	281	335	7.2	20.8
F9UST4	Q87SR8	29.032	31	22	0	196	226	363	393	9.9	20.4
G3XP38	G3XP38	100.000	480	0	0	1	480	1	480	0.0	983
G3XP38	Q13227	31.481	54	27	2	173	220	153	202	1.3	23.9
G3XP38	Q84527	35.484	31	20	0	257	287	61	91	1.3	23.9
G3XP38	O67757	32.727	55	34	2	212	266	161	212	5.1	21.9
G3XP38	D3GUV9	34.483	29	17	1	62	88	489	517	7.4	21.6
G3XP38	Q9XVS8	20.388	103	76	2	243	340	41	142	7.4	21.6
G3XP38	P9WN95	50.000	18	9	0	45	62	301	318	7.4	21.6
G3XP38	P14831	47.368	19	10	0	99	117	97	115	8.1	21.2
G3XP38	Q9BY41	35.135	37	23	1	351	386	239	275	8.3	21.6
G3XP38	P38877	25.926	27	20	0	254	280	48	74	8.9	20.8
G3XP38	O75807	34.615	26	17	0	330	355	14	39	9.4	21.6
G4RIN4	G4RIN4	100.000	401	0	0	1	401	1	401	0.0	802
G4RIN4	P9WGX5	22.414	58	36	3	306	354	147	204	0.54	24.6
G4RIN4	Q72GF3	21.719	221	141	12	146	354	106	306	0.60	25.0
G4RIN4	Q99593	34.375	32	18	1	230	261	179	207	1.2	23.9
G4RIN4	P36094	33.333	36	21	1	202	234	152	187	3.8	22.3
G4RIN4	O74859	28.889	45	25	1	174	218	14	51	3.9	21.9
G7K2D1	G7K2D1	100.000	328	0	0	1	328	1	328	0.0	684
G7K2D1	Q9S7E4	35.294	34	22	0	44	77	199	232	4.3	21.9
G7K2D1	Q9Y6K8	31.707	41	24	2	77	116	113	150	7.4	21.2
G7K2D1	P02836	46.154	13	7	0	168	180	113	125	8.0	20.8
G7K2D1	Q9Y5P4	28.000	25	18	0	137	161	69	93	8.6	20.8
L7N6F8	L7N6F8	100.000	90	0	0	1	90	1	90	3.87e-67	189
L7N6F8	Q9BY41	30.435	46	26	2	9	54	70	109	1.0	21.2
L7N6F8	P17901	28.000	75	41	3	15	79	214	285	5.0	19.2
L7N6F8	P30014	42.105	19	10	1	56	74	81	98	5.7	18.9
O00762	O00762	100.000	179	0	0	1	179	1	179	1.45e-137	375
O00762	Q51782	22.807	57	41	1	43	96	53	109	1.5	21.9
O00762	Q9BZE9	36.842	19	12	0	95	113	167	185	2.3	21.6
O00762	Q7Z6B0	55.000	20	9	0	134	153	58	77	3.1	21.2
O00762	A9CID8	29.268	41	22	1	35	68	19	59	7.5	19.6
O00762	Q5LEL2	42.105	19	11	0	31	49	70	88	8.4	19.6
O07747	O07747	100.000	176	0	0	1	176	1	176	9.36e-129	352
O07747	A0A010	28.395	81	49	2	88	165	147	221	0.29	24.3
O07747	U3J0P1	27.928	111	57	6	50	137	16	126	0.78	22.7
O07747	P15529	43.478	23	13	0	19	41	198	220	1.2	22.3
O07747	P11349	25.287	87	53	5	74	158	133	209	6.5	20.0
O07747	P15289	36.585	41	26	0	108	148	308	348	6.5	20.0
O07747	B8HDZ1	50.000	20	9	1	153	172	16	34	7.1	20.0
O07747	P23945	25.806	31	23	0	53	83	416	446	7.4	20.0
O14733	O14733	100.000	419	0	0	1	419	1	419	0.0	871
O14733	Q15208	25.969	258	148	7	101	322	72	322	4.11e-20	85.1
O14733	Q9H1R3	22.662	278	164	12	126	380	291	540	4.51e-11	57.4
O14733	P37173	30.973	113	64	3	219	317	347	459	9.28e-10	53.1
O14733	Q9LSI9	28.972	107	60	4	221	318	405	504	2.16e-06	42.4
O14733	Q9C8L4	42.105	19	11	0	276	294	166	184	3.1	22.7
O14733	Q9S7E4	24.051	79	57	1	104	179	181	259	3.8	22.3
O14733	Q9Y6K8	21.296	108	66	2	34	122	125	232	5.6	21.9
O14733	Q91UM2	34.091	44	29	0	370	413	139	182	6.5	21.6
O14733	Q7Z6B0	52.381	21	10	0	6	26	134	154	8.5	21.2
O25094	O25094	100.000	180	0	0	1	180	1	180	4.86e-132	361
O25094	Q12163	30.952	42	25	2	74	115	131	168	2.8	21.2
O25094	P16048	27.368	95	57	4	42	131	27	114	4.1	20.4
O25094	Q9BZI7	27.160	81	41	3	48	116	63	137	4.2	20.8
O25094	Q99593	29.412	51	35	1	106	156	205	254	4.2	20.8
O25094	P23945	28.947	76	37	4	10	72	61	132	5.4	20.4
O25094	P37090	42.105	19	11	0	64	82	324	342	5.6	20.4
O25094	Q9Y5P4	30.435	23	16	0	157	179	106	128	6.3	20.4
O25094	P40080	37.500	16	10	0	38	53	37	52	7.6	19.6
O25094	Q9Z2X2	22.857	35	27	0	140	174	135	169	8.9	19.6
O25140	O25140	100.000	221	0	0	1	221	1	221	1.56e-162	441
O25140	P17901	22.727	88	56	4	99	182	85	164	0.100	26.2
O25140	P06229	31.250	80	40	6	142	218	50	117	0.73	23.5
O25140	Q9BZE9	26.471	34	21	1	95	124	406	439	1.7	22.3
O25140	P9WQB5	33.333	33	21	1	87	118	128	160	2.7	21.6
O25140	Q15208	21.311	61	47	1	110	169	239	299	2.9	21.6
O25140	O69787	34.286	35	20	1	98	132	244	275	5.1	20.8
O25175	O25175	100.000	389	0	0	1	389	1	389	0.0	806
O25175	Q7Z6B0	25.620	121	80	5	264	380	280	394	0.47	25.0
O25175	Q38846	38.235	34	21	0	208	241	239	272	5.3	21.9
O25175	P45379	30.263	76	43	3	244	312	216	288	5.7	21.6
O25175	W6EQP0	29.032	62	41	2	102	160	367	428	6.5	21.6
O25175	C4YMW2	28.571	35	25	0	234	268	91	125	8.2	21.2
O25175	Q9Y5P4	28.571	70	42	2	9	78	247	308	9.9	20.8
O29915	O29915	100.000	362	0	0	1	362	1	362	0.0	704
O29915	Q9Y6K8	28.205	39	21	1	100	138	127	158	2.6	22.7
O29915	A0QWG5	32.258	31	18	1	323	353	89	116	3.5	22.3
O29915	P17901	36.667	30	19	0	247	276	207	236	3.5	22.3
O29915	P06601	31.034	29	20	0	43	71	501	529	5.1	21.9
O29915	O75807	25.926	54	36	1	269	318	60	113	5.8	21.6
O29915	Q15208	50.000	26	11	2	237	260	334	359	9.5	20.8
O31511	O31511	100.000	147	0	0	1	147	1	147	6.27e-113	310
O31511	O33283	34.694	49	26	3	81	127	81	125	0.067	25.4
O31511	P41784	37.500	24	15	0	77	100	55	78	1.9	20.8
O31511	P16048	23.148	108	59	4	35	123	36	138	2.7	20.8
O31511	O68196	18.966	58	44	1	67	121	39	96	3.4	20.4
O31511	P9WQB5	42.308	26	13	1	54	79	7	30	3.9	20.4
O31511	Q3U4G3	50.000	14	7	0	84	97	365	378	5.4	20.0
O31511	Q98IZ3	53.846	13	6	0	115	127	133	145	6.2	19.6
O31511	D3GUV9	24.390	41	27	1	69	105	359	399	6.8	19.6
O31511	F7YBW8	27.907	43	25	1	5	41	27	69	7.0	19.2
O31511	Q99FX5	61.538	13	5	0	66	78	222	234	7.1	19.6
O33283	O33283	100.000	149	0	0	1	149	1	149	1.59e-108	299
O33283	O31511	34.694	49	26	3	81	125	81	127	0.067	25.4
O33283	P9WK15	32.353	34	23	0	111	144	9	42	1.1	21.9
O33283	Q00459	31.481	54	27	3	79	125	50	100	3.3	20.0
O33283	Q9Y5P4	39.394	33	17	2	26	55	314	346	5.0	20.0
O33283	Q87SR8	34.783	23	15	0	2	24	487	509	5.1	20.0
O33283	Q8IEW2	43.750	16	9	0	83	98	347	362	5.7	20.0
O33283	Q8A336	34.615	26	15	1	78	103	69	92	8.0	19.2
O33283	Q99FX5	32.000	25	17	0	120	144	256	280	8.8	19.2
O33283	B4RLV9	53.333	15	7	0	12	26	151	165	9.6	19.2
O33927	O33927	100.000	197	0	0	1	197	1	197	1.80e-145	396
O33927	P11349	43.590	39	15	2	2	34	290	327	3.0	21.6
O33927	P11349	31.250	48	25	2	51	98	63	102	9.9	19.6
O33927	Q15208	53.333	15	6	1	95	109	287	300	6.0	20.4
O33927	O74859	32.258	31	20	1	74	103	18	48	7.2	20.0
O33927	W6EQP0	25.000	48	31	1	78	125	119	161	8.9	20.0
O41136	O41136	100.000	197	0	0	1	197	1	197	3.40e-150	408
O41136	Q9Y6K8	25.000	88	49	4	66	144	82	161	0.58	23.5
O41136	Q9Y6K8	44.000	25	13	1	108	131	375	399	2.6	21.6
O41136	Q2G542	35.714	28	18	0	170	197	219	246	2.0	21.9
O41136	O68196	38.095	21	13	0	82	102	72	92	2.1	21.6
O41136	Q87SR8	38.095	21	13	0	16	36	273	293	2.8	21.6
O41136	C4YMW2	22.642	53	41	0	13	65	72	124	3.0	21.2
O41136	Q7Y5B1	24.444	45	23	2	67	111	20	53	4.6	20.0
O41136	P40080	22.500	40	31	0	126	165	162	201	5.2	20.4
O43504	O43504	100.000	91	0	0	1	91	1	91	1.58e-65	186
O43504	C6KSZ2	36.364	22	14	0	70	91	197	218	1.8	20.4
O43504	Q38846	33.333	18	12	0	20	37	564	581	3.2	19.6
O43504	P23945	38.889	18	11	0	51	68	33	50	3.5	19.6
O43504	P34913	35.484	31	19	1	9	39	10	39	3.6	19.6
O43504	Q38503	25.000	28	20	1	58	85	8	34	5.5	18.1
O60016	O60016	100.000	490	0	0	1	490	1	490	0.0	1021
O60016	P11349	29.787	47	33	0	357	403	269	315	1.3	24.3
O60016	Q87SR8	27.083	48	35	0	14	61	431	478	1.4	24.3
O60016	Q55554	32.143	28	19	0	80	107	67	94	8.5	21.2
O60888	O60888	100.000	179	0	0	1	179	1	179	2.12e-130	357
O60888	O75807	38.235	34	17	1	59	92	207	236	0.94	22.7
O60888	Q9H0F5	21.951	82	52	2	65	146	7	76	1.1	22.7
O60888	C0JWR6	36.364	22	14	0	143	164	40	61	1.8	21.6
O60888	Q7Z6B0	47.059	17	9	0	76	92	347	363	2.7	21.2
O60888	P37090	31.429	35	24	0	17	51	541	575	3.7	20.8
O60888	Q9BZE9	23.256	86	55	1	65	139	337	422	9.0	19.6
O60888	A9CID8	26.250	80	42	4	86	153	32	106	9.7	19.6
O60888	O95278	24.138	29	21	1	19	46	226	254	9.9	19.6
O67757	O67757	100.000	248	0	0	1	248	1	248	0.0	494
O67757	Q5SMC7	26.829	82	52	3	29	110	110	183	0.14	25.8
O67757	P06229	44.000	25	14	0	66	90	54	78	0.68	23.9
O67757	G3XP38	32.727	55	34	2	161	212	212	266	2.6	21.9
O67757	Q396C5	50.000	14	7	0	163	176	108	121	3.7	21.2
O67757	P10746	30.769	39	21	1	69	107	90	122	5.2	20.8
O67757	Q5TKA1	38.710	31	17	1	32	60	202	232	6.7	20.8
O67757	Q9H1R3	31.667	60	32	3	151	205	174	229	7.2	20.8
O67757	O29915	30.909	55	28	1	153	197	258	312	9.2	20.4
O67757	O75807	40.000	25	15	0	89	113	310	334	9.6	20.4
O68196	O68196	100.000	125	0	0	1	125	1	125	9.39e-94	259
O68196	O41136	38.095	21	13	0	72	92	82	102	1.3	21.6
O68196	O31511	18.966	58	44	1	39	96	67	121	2.9	20.4
O68196	Q47212	34.615	26	15	1	40	65	108	131	3.1	20.4
O68196	A0A109PTH9	41.176	17	10	0	84	100	289	305	3.6	20.4
O68196	Q9LSI9	30.612	49	30	2	77	121	94	142	4.8	20.0
O68196	Q9H0F5	56.250	16	7	0	73	88	331	346	6.6	19.6
O68196	Q9H0F5	38.095	21	13	0	39	59	102	122	9.5	18.9
O68196	P29241	26.190	42	31	0	75	116	91	132	7.9	19.2
O68196	Q5SM28	46.154	13	7	0	30	42	340	352	9.7	18.9
O68720	O68720	100.000	468	0	0	1	468	1	468	0.0	967
O68720	P10746	25.974	77	54	1	54	127	60	136	0.096	27.3
O68720	O95147	23.232	99	59	3	343	437	60	145	0.50	25.0
O68720	O95278	55.556	18	7	1	401	417	264	281	2.1	23.1
O68720	Q84527	21.622	111	69	4	272	368	255	361	2.9	22.7
O68720	P46075	30.769	26	18	0	175	200	48	73	4.7	22.3
O68720	Q9BUH6	42.105	19	11	0	207	225	10	28	4.8	21.9
O68720	P09167	37.500	32	20	0	323	354	37	68	6.6	21.9
O68720	Q9XCC7	21.782	101	68	3	373	467	5	100	7.4	21.6
O69245	O69245	100.000	232	0	0	1	232	1	232	9.51e-175	473
O69245	O74859	26.316	57	37	1	148	204	71	122	4.3	21.2
O69245	P0A734	29.032	62	37	2	150	204	6	67	5.6	20.0
O69245	P23945	66.667	12	4	0	87	98	209	220	6.5	20.8
O69245	Q663P0	66.667	12	4	0	220	231	88	99	8.4	20.0
O69245	Q99FX5	40.000	15	9	0	40	54	251	265	9.6	20.0
O69787	O69787	100.000	512	0	0	1	512	1	512	0.0	1068
O69787	P15289	28.972	214	117	7	245	425	230	441	1.24e-12	62.8
O69787	P15289	36.283	113	61	6	6	109	21	131	1.28e-09	53.1
O69787	O74859	41.379	29	14	1	335	363	179	204	2.4	23.1
O69787	Q94IF5	29.167	48	30	1	184	227	183	230	3.4	22.7
O69787	P77173	32.000	25	17	0	208	232	280	304	3.9	22.7
O69787	P56162	26.531	49	36	0	456	504	126	174	7.5	21.6
O74859	O74859	100.000	232	0	0	1	232	1	232	1.78e-179	485
O74859	P34913	27.586	58	33	2	1	49	417	474	0.25	25.0
O74859	O69787	41.379	29	14	1	179	204	335	363	1.1	23.1
O74859	F9UST4	17.857	84	67	1	121	204	54	135	2.1	21.9
O74859	G4RIN4	28.889	45	25	1	14	51	174	218	2.3	21.9
O74859	Q5SHU9	26.415	53	35	2	150	200	39	89	4.2	21.2
O74859	O69245	26.316	57	37	1	71	122	148	204	4.3	21.2
O74859	P08921	31.481	54	30	1	94	140	159	212	4.9	20.8
O74859	P16778	26.923	26	19	0	53	78	354	379	6.0	20.8
O74859	P40080	29.730	37	23	1	30	66	166	199	6.9	20.4
O74859	O33927	32.258	31	20	1	18	48	74	103	8.5	20.0
O74986	O74986	100.000	294	0	0	1	294	1	294	0.0	601
O74986	Q9BZE9	40.476	42	23	2	100	140	244	284	2.0	22.7
O74986	P09167	47.059	17	9	0	212	228	173	189	2.3	22.3
O74986	Q9H1R3	37.255	51	27	2	19	64	540	590	2.4	22.3
O74986	Q15208	34.483	29	19	0	72	100	401	429	4.8	21.6
O74986	Q9UNP9	43.750	16	9	0	239	254	87	102	5.7	21.2
O75223	O75223	100.000	188	0	0	1	188	1	188	1.94e-144	393
O75223	C4YMW2	27.907	43	31	0	67	109	98	140	3.9	20.8
O75223	G3XP38	36.111	36	19	3	46	81	441	472	4.1	20.8
O75223	Q663P0	38.095	42	17	3	77	116	81	115	5.0	20.0
O75223	P22629	37.838	37	18	2	80	115	99	131	6.3	20.0
O75223	P40515	33.333	36	19	2	66	101	33	63	7.9	19.6
O75223	A0A109PTH9	43.750	16	9	0	153	168	365	380	8.0	20.0
O75807	O75807	100.000	674	0	0	1	674	1	674	0.0	1323
O75807	Q9JYH5	30.303	66	41	1	231	291	39	104	0.40	25.4
O75807	P9WFX5	38.235	34	21	0	118	151	136	169	1.8	24.3
O75807	Q9BUH6	40.625	32	19	0	588	619	33	64	1.9	23.9
O75807	V9P0A9	33.333	36	22	1	397	432	111	144	2.1	23.9
O75807	O60888	38.235	34	17	1	207	236	59	92	4.1	22.7
O75807	P09167	24.468	94	50	4	281	363	85	168	5.9	22.3
O95147	O95147	100.000	198	0	0	1	198	1	198	4.54e-153	415
O95147	O95278	25.000	76	57	0	73	148	228	303	0.005	30.0
O95147	P13717	27.586	58	29	3	151	198	140	194	0.050	26.6
O95147	O68720	23.232	99	59	3	60	145	343	437	0.21	25.0
O95147	C4YMW2	24.561	57	35	1	129	185	88	136	1.0	22.7
O95147	P9WQ67	33.333	42	27	1	84	124	24	65	1.1	22.7
O95147	Q51782	25.581	43	28	2	124	162	224	266	1.8	21.9
O95147	Q6Q0J0	24.390	41	27	1	29	69	159	195	3.5	21.2
O95147	P02881	23.256	43	30	1	155	197	1	40	8.2	18.5
O95147	A0A1Z1F9L9	35.294	17	11	0	180	196	148	164	9.5	19.6
O95278	O95278	100.000	331	0	0	1	331	1	331	0.0	691
O95278	O95147	25.000	76	57	0	228	303	73	148	0.008	30.0
O95278	O68720	55.556	18	7	1	264	281	401	417	1.5	23.1
O95278	Q99593	33.333	27	18	0	252	278	176	202	6.7	21.2
O95278	W6EQP0	23.171	82	54	2	126	206	410	483	8.6	20.8
O95278	Q503K9	55.556	18	8	0	309	326	81	98	9.4	20.0
O95400	O95400	100.000	341	0	0	1	341	1	341	0.0	691
O95400	Q15208	40.000	35	16	1	117	151	379	408	0.37	25.4
O95400	Q9JYH5	41.176	17	10	0	166	182	55	71	4.5	21.2
O95400	Q4WF29	27.083	96	52	6	262	339	6	101	4.8	21.6
O95400	P06601	38.462	26	16	0	144	169	507	532	9.2	20.8
P01180	P01180	100.000	166	0	0	1	166	1	166	5.38e-119	327
P01180	A0A1Z1F9L9	22.727	66	39	2	41	106	14	67	1.4	21.9
P01180	C6KSZ2	25.926	54	27	1	9	49	9	62	1.9	21.6
P02836	P02836	100.000	552	0	0	1	552	1	552	0.0	1124
P02836	P06601	39.655	58	35	0	454	511	213	270	9.73e-11	57.0
P02836	Q8IEW2	27.778	90	37	3	262	331	34	115	0.071	28.1
P02836	O74859	31.111	45	30	1	298	342	128	171	1.7	23.5
P02836	D9PY12	39.130	23	14	0	516	538	157	179	2.5	23.1
P02836	Q5SHU9	22.857	105	71	4	418	515	103	204	2.9	23.1
P02836	P15529	28.358	67	44	1	231	297	109	171	4.3	22.7
P02836	Q0I165	44.444	18	10	0	42	59	3	20	7.5	21.6
P02836	G7K2D1	46.154	13	7	0	113	125	168	180	9.7	21.6
P02881	P02881	100.000	45	0	0	1	45	1	45	3.80e-30	93.2
P02881	Q72GF3	34.783	23	15	0	21	43	354	376	1.7	18.9
P02881	O95147	23.256	43	30	1	1	40	155	197	1.9	18.5
P02881	P29241	33.333	21	14	0	23	43	106	126	1.9	18.5
P02881	P09167	42.857	21	10	1	20	40	331	349	2.0	18.5
P02881	E1BSW7	26.471	34	25	0	1	34	52	85	3.0	18.1
P06229	P06229	100.000	291	0	0	1	291	1	291	0.0	603
P06229	P46662	35.417	48	31	0	98	145	198	245	0.68	24.3
P06229	O67757	44.000	25	14	0	54	78	66	90	0.80	23.9
P06229	Q38846	40.909	44	19	2	248	284	434	477	1.3	23.1
P06229	A1JSR8	33.333	18	12	0	143	160	17	34	2.9	21.6
P06229	A0A223GEC9	22.642	106	65	5	149	242	144	244	6.3	20.8
P06229	P9WQ67	30.769	26	18	0	83	108	282	307	7.3	20.8
P06601	P06601	100.000	613	0	0	1	613	1	613	0.0	1258
P06601	P02836	39.655	58	35	0	213	270	454	511	1.74e-10	56.2
P06601	P49599	34.375	32	17	1	11	42	198	225	0.76	25.0
P06601	Q55554	75.000	12	3	0	552	563	68	79	1.4	23.9
P06601	Q9BT30	30.769	39	23	1	79	113	25	63	1.4	23.9
P06601	P08921	28.261	46	32	1	532	577	300	344	2.9	23.1
P06601	Q7VYH2	27.778	54	30	2	399	445	21	72	6.5	21.9
P06601	P23945	48.000	25	10	2	391	413	646	669	8.4	21.9
P08921	P08921	100.000	344	0	0	1	344	1	344	0.0	713
P08921	Q16790	30.769	52	31	1	193	239	394	445	0.077	27.3
P08921	A0A0F4FI39	22.807	57	42	1	65	121	224	278	1.3	23.5
P08921	O74859	31.481	54	30	1	159	212	94	140	6.8	21.2
P08921	C0JWR6	22.857	35	27	0	44	78	133	167	8.6	20.4
P09167	P09167	100.000	493	0	0	1	493	1	493	0.0	1014
P09167	A0A109PTH9	29.870	77	42	5	325	392	247	320	2.9	23.1
P09167	O74986	47.059	17	9	0	173	189	212	228	4.4	22.3
P09167	O68720	37.500	32	20	0	37	68	323	354	6.9	21.9
P09167	O75807	30.435	46	21	2	85	120	281	325	7.5	21.6
P09167	P40515	53.846	13	6	0	23	35	13	25	8.2	21.2
P09167	Q15208	26.316	38	22	1	219	256	312	343	9.0	21.6
P09167	P22629	17.391	46	38	0	1	46	1	46	9.3	21.2
P09167	Q9LSI9	28.814	59	40	2	259	317	279	335	9.9	21.2
P0A3Q9	P0A3Q9	100.000	312	0	0	1	312	1	312	0.0	646
P0A3Q9	P40029	39.103	156	85	3	4	149	19	174	1.56e-35	120
P0A3Q9	Q84527	26.667	60	41	1	212	271	93	149	1.1	23.5
P0A3Q9	Q15208	20.732	82	59	3	125	205	373	449	2.3	22.7
P0A3Q9	Q8DWD0	29.630	27	19	0	83	109	147	173	4.9	21.2
P0A3Q9	P0A6H1	35.484	31	17	1	4	34	244	271	5.6	21.2
P0A3Q9	C0JWR6	31.250	48	26	2	143	183	122	169	8.0	20.4
P0A3Q9	Q13351	50.000	20	7	2	228	247	315	331	9.2	20.8
P0A427	P0A427	100.000	38	0	0	1	38	1	38	5.07e-24	77.0
P0A427	Q9LSI9	36.842	19	12	0	2	20	4	22	2.3	18.1
P0A427	P30014	50.000	8	4	0	20	27	51	58	8.8	16.2
P0A6H1	P0A6H1	100.000	424	0	0	1	424	1	424	0.0	860
P0A6H1	Q5SHU9	27.184	103	62	3	285	380	77	173	0.93	24.3
P0A6H1	P40029	29.474	95	45	4	66	152	29	109	2.5	22.7
P0A6H1	A0A024RAV5	29.310	58	34	2	94	147	94	148	6.7	21.2
P0A6H1	D0CY60	40.000	25	15	0	292	316	27	51	7.3	21.2
P0A6H1	P0A3Q9	35.484	31	17	1	244	271	4	34	7.6	21.2
P0A734	P0A734	100.000	88	0	0	1	88	1	88	2.27e-62	177
P0A734	D9SIP4	33.333	45	28	2	37	80	73	116	1.0	21.2
P0A734	O69245	29.032	62	37	2	6	67	150	204	2.1	20.0
P0A734	Q889N2	26.866	67	45	3	2	66	11	75	2.7	19.2
P0A734	C7MT25	40.741	27	16	0	21	47	118	144	2.7	19.6
P0A734	P34913	39.130	23	8	1	40	62	303	319	6.3	18.9
P0A734	Q9S7E4	25.714	35	26	0	51	85	221	255	8.0	18.5
P0A734	C9K1X5	85.714	7	1	0	38	44	122	128	9.3	18.1
P10109	P10109	100.000	184	0	0	1	184	1	184	2.57e-136	372
P10109	A1JSR8	35.593	59	28	4	79	134	24	75	0.23	23.9
P10109	P15529	24.691	81	48	3	59	131	113	188	2.9	21.2
P10109	P15529	66.667	12	4	0	93	104	232	243	7.1	20.0
P10109	P0A6H1	30.769	65	36	3	29	93	107	162	3.0	21.2
P10109	P38877	26.471	68	41	2	21	83	8	71	3.2	20.8
P10109	Q9H1R3	28.125	32	23	0	125	156	504	535	5.7	20.4
P10109	P16048	42.308	26	11	1	11	32	32	57	7.4	19.6
P10109	P17901	40.741	27	15	1	116	141	433	459	8.7	19.6
P10746	P10746	100.000	265	0	0	1	265	1	265	0.0	544
P10746	O68720	25.974	77	54	1	60	136	54	127	0.054	27.3
P10746	A0A0F4FI39	29.412	85	46	4	185	255	207	291	0.43	24.6
P10746	Q99538	27.660	47	27	1	217	256	72	118	2.1	22.3
P10746	F6BCS4	33.333	36	24	0	109	144	190	225	2.3	21.9
P10746	Q5LAZ3	44.444	18	10	0	214	231	64	81	3.0	21.2
P10746	P37090	50.000	14	7	0	18	31	325	338	4.5	21.6
P10746	O67757	30.769	39	21	1	90	122	69	107	5.6	20.8
P11086	P11086	100.000	282	0	0	1	282	1	282	0.0	581
P11086	Q9BY41	31.818	44	26	1	120	159	134	177	0.44	24.6
P11086	P34913	25.000	72	43	3	130	198	261	324	1.2	23.5
P11086	A0A0F4FI39	39.394	33	20	0	205	237	106	138	1.6	22.7
P11086	B8HDZ1	28.947	38	27	0	236	273	289	326	2.8	22.3
P11086	D3GUV9	36.842	19	12	0	209	227	76	94	3.4	21.9
P11086	P67087	34.043	47	25	1	143	189	218	258	4.4	21.6
P11086	P67087	32.584	89	42	6	153	232	115	194	5.8	21.2
P11086	A6V1E4	26.154	65	38	2	30	89	4	63	9.1	20.4
P11349	P11349	100.000	512	0	0	1	512	1	512	0.0	1074
P11349	Q1MVD4	31.429	70	28	3	181	232	9	76	0.005	29.6
P11349	Q1MVD4	44.000	25	12	1	181	205	58	80	2.0	22.3
P11349	O60016	29.787	47	33	0	269	315	357	403	1.4	24.3
P11349	U3J0P1	28.261	46	28	1	423	463	18	63	2.2	23.1
P11349	Q6Q0J0	25.424	59	39	1	190	243	200	258	2.4	23.1
P11349	P9WK15	29.825	57	34	1	73	123	38	94	4.0	22.3
P11349	Q3U4G3	36.000	25	16	0	312	336	286	310	4.3	22.3
P11349	W6EQP0	27.536	69	28	4	183	231	365	431	5.2	22.3
P11349	P15289	21.393	201	94	9	306	482	89	249	5.8	21.9
P11349	Q38846	43.750	16	9	0	378	393	245	260	6.8	21.9
P11349	Q2G542	25.455	55	36	2	38	87	212	266	8.9	21.6
P13081	P13081	100.000	126	0	0	1	126	1	126	4.11e-94	260
P13081	B2TEV0	27.820	133	81	6	1	122	1	129	0.002	28.9
P13081	A9CIG0	24.370	119	80	4	1	119	7	115	0.25	23.1
P13081	A9CID8	34.545	55	31	2	23	74	112	164	0.27	23.5
P13081	Q9BT30	25.000	36	27	0	85	120	114	149	3.8	20.0
P13081	Q13351	28.261	46	29	2	34	75	287	332	4.6	20.0
P13081	P40029	33.333	12	8	0	98	109	141	152	9.3	18.9
P13081	Q9NRQ2	33.333	15	10	0	96	110	276	290	9.4	18.9
P13717	P13717	100.000	266	0	0	1	266	1	266	0.0	553
P13717	O95147	27.586	58	29	3	140	194	151	198	0.055	26.9
P13717	C4YMW2	31.944	72	42	4	51	118	1	69	0.98	23.5
P13717	A9CIG0	30.000	50	34	1	195	244	37	85	2.1	21.9
P13717	F9USS0	33.871	62	31	3	51	105	22	80	3.5	21.2
P13717	P9WN95	27.586	87	56	3	108	190	252	335	6.7	20.8
P13717	A0A223GEC9	38.462	26	16	0	204	229	173	198	8.7	20.4
P14831	P14831	100.000	217	0	0	1	217	1	217	2.02e-159	433
P14831	B3PDE5	22.535	71	49	1	52	116	47	117	0.69	23.5
P14831	G3XP38	47.368	19	10	0	97	115	99	117	2.9	21.6
P14831	P36094	16.176	68	46	2	61	122	272	334	8.7	20.0
P14831	F9USS0	41.379	29	12	1	176	199	114	142	9.8	19.6
P14831	Q8ZPX9	46.667	15	8	0	72	86	42	56	9.9	19.6
P15289	P15289	100.000	507	0	0	1	507	1	507	0.0	1021
P15289	O69787	28.340	247	138	8	230	470	245	458	2.49e-13	64.7
P15289	O69787	36.283	113	61	6	21	131	6	109	1.07e-09	53.1
P15289	D3GUV9	32.692	52	33	1	386	437	465	514	0.29	26.2
P15289	Q16790	38.636	44	25	2	318	361	149	190	1.0	24.6
P15529	P15529	100.000	392	0	0	1	392	1	392	0.0	800
P15529	P56162	40.909	22	13	0	73	94	141	162	0.58	24.6
P15529	P56162	33.333	39	21	1	205	243	107	140	3.7	21.9
P15529	Q9Y6K8	29.310	58	32	2	76	130	494	545	1.9	23.1
P15529	O07747	43.478	23	13	0	198	220	19	41	3.4	21.9
P15529	P02836	34.211	38	25	0	130	167	256	293	4.5	21.9
P15529	P16778	29.268	82	40	6	77	148	217	290	6.7	21.6
P15529	P10109	25.352	71	40	3	123	188	69	131	8.8	20.8
P15529	Q9BTE3	42.857	21	11	1	117	136	490	510	9.3	21.2
P16048	P16048	100.000	165	0	0	1	165	1	165	4.10e-123	337
P16048	P37090	27.083	48	31	1	105	148	574	621	1.5	21.9
P16048	O25094	26.214	103	64	4	19	114	34	131	2.7	20.8
P16048	O31511	23.148	108	59	4	36	138	35	123	3.2	20.8
P16048	C7MT25	30.000	30	21	0	53	82	157	186	3.4	20.8
P16048	P0A6H1	27.500	40	25	1	4	39	98	137	3.7	20.8
P16048	Q87W03	41.176	17	10	0	15	31	142	158	5.4	20.0
P16048	P37551	29.310	58	37	2	40	93	68	125	5.8	20.0
P16048	P9WQB5	40.000	20	12	0	46	65	131	150	5.9	20.0
P16048	P06229	44.444	18	10	0	28	45	218	235	7.1	19.6
P16048	P10109	42.308	26	11	1	32	57	11	32	7.3	19.6
P16778	P16778	100.000	487	0	0	1	487	1	487	0.0	1008
P16778	O14733	29.310	58	33	2	27	84	207	256	0.52	25.4
P16778	P37090	27.143	70	42	3	170	232	332	399	1.3	24.3
P16778	D9SIP4	37.778	45	20	3	237	273	198	242	2.6	23.1
P16778	Q9LSI9	47.368	19	7	1	14	29	244	262	3.8	22.7
P16778	Q16790	43.478	23	13	0	35	57	147	169	4.1	22.3
P16778	Q16790	36.364	44	22	2	83	120	61	104	8.3	21.6
P16778	Q9Y5P4	25.926	81	43	2	92	155	268	348	7.0	21.9
P16778	Q6QLL4	29.091	55	30	2	264	318	108	153	7.2	21.6
P16778	Q9P7M3	25.862	58	38	2	238	293	117	171	7.8	21.6
P16778	P15529	29.268	82	40	6	217	290	77	148	9.6	21.2
P17901	P17901	100.000	475	0	0	1	475	1	475	0.0	986
P17901	O25140	22.727	88	56	4	85	164	99	182	0.21	26.2
P17901	P46075	28.723	94	48	3	249	325	201	292	0.45	25.8
P17901	Q57221	21.622	37	29	0	344	380	34	70	0.90	23.9
P17901	P45379	24.638	69	47	3	20	86	69	134	2.0	23.5
P17901	Q99593	23.529	85	55	3	170	254	412	486	3.0	23.1
P17901	O29915	36.667	30	19	0	207	236	247	276	4.5	22.3
P17901	Q9Y6K8	25.373	67	42	3	185	245	212	276	4.8	22.3
P17901	B3PDE5	28.571	84	47	3	305	386	62	134	5.0	21.9
P17901	Q9M8R4	34.483	29	19	0	24	52	272	300	5.8	21.9
P17901	Q9BY41	21.875	96	57	2	56	143	292	377	7.6	21.6
P17901	A0A0D5YE19	28.000	50	26	1	235	274	266	315	8.9	21.2
P20581	P20581	100.000	301	0	0	1	301	1	301	0.0	596
P20581	Q9C8L4	35.484	31	20	0	64	94	105	135	1.1	23.5
P20581	O60016	29.032	62	32	4	226	279	293	350	5.9	21.2
P20581	Q7A189	25.000	80	45	5	140	213	29	99	6.3	20.4
P20581	A9CID8	27.027	37	27	0	35	71	33	69	7.5	20.8
P20581	Q99538	21.849	119	62	5	130	238	120	217	9.8	20.4
P22629	P22629	100.000	183	0	0	1	183	1	183	2.11e-132	362
P22629	Q2G542	31.915	47	30	1	111	155	42	88	2.3	21.6
P22629	P09167	17.391	46	38	0	1	46	1	46	3.5	21.2
P22629	O75223	37.838	37	18	2	99	131	80	115	6.1	20.0
P22629	Q0I165	22.222	54	37	1	128	176	107	160	6.3	20.0
P23657	P23657	100.000	157	0	0	1	157	1	157	6.62e-118	323
P23657	Q9BZE9	58.333	12	5	0	3	14	326	337	0.45	23.5
P23657	Q396C5	47.059	17	9	0	113	129	175	191	1.0	22.3
P23657	Q8A336	27.586	29	21	0	125	153	8	36	2.4	21.2
P23657	Q8TBZ6	26.471	34	25	0	48	81	269	302	4.5	20.4
P23657	Q93RS6	43.478	23	13	0	31	53	111	133	4.9	20.0
P23657	P40080	40.000	20	12	0	124	143	87	106	7.3	19.6
P23945	P23945	100.000	695	0	0	1	695	1	695	0.0	1435
P23945	Q7Y5B1	31.250	32	22	0	444	475	39	70	6.0	21.2
P23945	P06601	48.000	25	10	2	646	669	391	413	8.1	22.3
P23945	Q15388	32.143	28	19	0	123	150	45	72	8.6	21.6
P29241	P29241	100.000	282	0	0	1	282	1	282	0.0	588
P29241	Q6Q546	40.000	30	17	1	214	242	2	31	1.1	21.9
P29241	P11349	31.818	66	25	2	26	80	425	481	1.9	22.7
P29241	Q01786	29.310	58	37	1	124	181	75	128	2.3	22.3
P29241	Q9BTE3	30.435	46	27	1	193	238	76	116	2.6	22.3
P29241	Q9Y6K8	32.143	28	17	1	104	129	343	370	3.5	21.9
P29241	Q9Z2X2	29.730	37	26	0	246	282	111	147	4.8	21.2
P29241	A0A109PTH9	29.630	54	32	2	154	206	235	283	9.1	20.4
P29241	Q2G542	25.455	55	35	3	109	162	234	283	9.2	20.4
P30014	P30014	100.000	215	0	0	1	215	1	215	1.85e-165	448
P30014	B3PDE5	42.105	19	11	0	95	113	316	334	0.37	24.3
P30014	Q57221	17.647	68	52	1	115	178	68	135	2.5	21.6
P30014	Q9H7Z6	80.000	10	2	0	57	66	275	284	3.7	21.2
P30014	Q9BQB4	32.353	34	21	1	140	171	64	97	5.6	20.4
P31340	P31340	100.000	211	0	0	1	211	1	211	2.31e-157	427
P31340	A0A0H2VDD2	30.189	53	33	1	62	110	22	74	6.2	20.4
P31340	P34913	34.483	29	19	0	54	82	471	499	7.0	20.4
P31340	P54494	28.571	21	15	0	1	21	1	21	7.2	19.2
P31340	A1JSR8	29.730	37	26	0	50	86	4	40	7.5	19.6
P31340	D9SIP4	31.707	41	26	1	72	110	45	85	8.3	20.0
P31340	Q9BTE3	39.130	23	14	0	62	84	211	233	8.4	20.0
P34913	P34913	100.000	555	0	0	1	555	1	555	0.0	1155
P34913	O74859	27.586	58	33	2	417	474	1	49	0.61	25.0
P34913	P11086	25.000	72	43	3	261	324	130	198	2.3	23.5
P34913	Q9P7M3	21.951	123	61	5	247	343	34	147	8.6	21.6
P34913	Q16790	30.137	73	36	3	22	87	258	322	9.0	21.6
P34913	Q7Z6B0	24.706	85	40	3	62	122	235	319	9.4	21.6
P36094	P36094	100.000	363	0	0	1	363	1	363	0.0	736
P36094	Q9M8R4	50.000	20	10	0	147	166	268	287	0.098	26.9
P36094	G4RIN4	33.333	36	21	1	152	187	202	234	3.4	22.3
P36094	Q9C8L4	26.190	42	26	1	252	293	211	247	5.1	21.6
P37090	P37090	100.000	638	0	0	1	638	1	638	0.0	1337
P37090	Q7Z6B0	32.000	50	33	1	428	477	278	326	0.28	26.6
P37090	P41784	30.189	53	31	2	339	391	24	70	3.3	21.9
P37090	A0QP50	54.545	22	8	2	612	633	64	83	4.0	21.9
P37090	Q99538	35.294	34	19	2	153	183	55	88	4.8	22.7
P37090	P16048	27.083	48	31	1	574	621	105	148	6.1	21.9
P37173	P37173	100.000	567	0	0	1	567	1	567	0.0	1181
P37173	Q9LSI9	26.126	222	125	7	254	465	317	509	2.01e-13	65.5
P37173	O14733	30.973	113	64	3	347	459	219	317	1.43e-09	52.8
P37173	Q9H1R3	26.347	167	91	8	299	459	337	477	8.75e-06	41.2
P37173	Q15208	20.902	244	136	10	249	457	94	315	0.010	31.2
P37173	Q38846	34.615	26	17	0	421	446	239	264	2.5	23.5
P37173	Q99538	25.641	78	53	1	314	386	248	325	4.0	22.7
P37173	Q1MVD4	38.462	26	16	0	36	61	46	71	4.7	21.2
P37173	P49599	44.444	18	10	0	459	476	186	203	4.8	22.3
P37173	C7MT25	35.484	31	18	1	4	34	185	213	4.8	22.3
P37173	A0A0D5YE19	40.000	25	15	0	473	497	224	248	6.0	21.9
P37173	F9UST4	45.000	20	11	0	299	318	188	207	7.9	21.6
P37551	P37551	100.000	285	0	0	1	285	1	285	0.0	575
P37551	P46075	26.471	68	49	1	185	251	208	275	1.9	22.7
P37551	Q9M8R4	26.562	128	73	6	97	207	86	209	5.1	21.2
P37551	W6EQP0	30.952	42	27	1	133	174	23	62	7.1	20.8
P37551	C4YMW2	60.000	10	4	0	13	22	228	237	8.0	20.8
P38877	P38877	100.000	133	0	0	1	133	1	133	4.89e-98	271
P38877	W6EQP0	70.000	10	3	0	123	132	231	240	1.0	21.9
P38877	Q9H1R3	37.500	32	19	1	25	56	407	437	2.1	21.2
P38877	G3XP38	25.926	27	20	0	48	74	254	280	2.5	20.8
P38877	C7MT25	32.432	37	25	0	51	87	227	263	3.5	20.4
P38877	Q12285	33.333	24	16	0	91	114	35	58	5.2	19.6
P38877	P0A3Q9	30.435	23	16	0	100	122	146	168	6.3	19.6
P38877	D0CY60	45.455	22	10	1	66	87	133	152	7.4	19.2
P40029	P40029	100.000	184	0	0	1	184	1	184	7.77e-143	388
P40029	P0A3Q9	39.103	156	85	3	19	174	4	149	9.19e-36	120
P40029	P0A6H1	29.474	95	45	4	29	109	66	152	1.1	22.7
P40029	P56162	38.095	21	13	0	84	104	164	184	1.8	21.9
P40029	Q9Y6K8	47.059	17	9	0	123	139	107	123	5.4	20.4
P40029	P9WFX5	32.203	59	32	2	74	131	178	229	5.8	20.4
P40029	C4YMW2	63.636	11	4	0	16	26	188	198	9.9	19.6
P40080	P40080	100.000	203	0	0	1	203	1	203	5.11e-155	421
P40080	Q38846	39.394	33	16	1	41	69	520	552	1.4	22.3
P40080	Q9XCC7	32.000	25	17	0	124	148	160	184	1.6	21.9
P40080	P23657	40.909	22	13	0	87	108	124	145	3.1	21.2
P40080	O41136	22.500	40	31	0	162	201	126	165	4.1	20.8
P40080	Q5W1E8	22.535	71	46	2	15	77	15	84	6.8	19.6
P40080	Q9BTE3	57.143	14	4	1	41	54	519	530	6.9	20.4
P40080	O74859	29.730	37	23	1	166	199	30	66	7.2	20.0
P40080	O25094	37.500	16	10	0	37	52	38	53	8.1	20.0
P40515	P40515	100.000	155	0	0	1	155	1	155	2.64e-117	322
P40515	Q99593	33.333	27	18	0	15	41	452	478	0.78	22.7
P40515	P09167	53.846	13	6	0	13	25	23	35	2.6	21.2
P40515	P9WK15	28.000	50	32	2	49	98	151	196	2.8	20.8
P40515	O75223	33.333	36	19	2	33	63	66	101	6.5	19.6
P40515	O95400	31.818	22	15	0	73	94	220	241	7.5	19.6
P41784	P41784	100.000	80	0	0	1	80	1	80	4.50e-57	163
P41784	P37090	30.189	53	31	2	24	70	339	391	0.41	21.9
P41784	O31511	37.500	24	15	0	55	78	77	100	1.0	20.8
P41784	P09167	34.286	35	21	1	3	37	233	265	1.7	20.0
P41784	O95400	32.432	37	23	1	23	57	304	340	2.9	19.6
P41784	P11349	29.730	37	26	0	2	38	90	126	6.2	18.5
P41784	P9WFX5	25.000	32	24	0	21	52	39	70	7.4	18.5
P41784	A0PL01	42.105	19	11	0	19	37	139	157	8.5	18.1
P41784	P46075	25.000	80	51	3	4	79	269	343	8.7	18.1
P45379	P45379	100.000	298	0	0	1	298	1	298	0.0	575
P45379	P17901	35.484	31	18	2	69	97	20	50	1.4	23.1
P45379	Q8TBZ6	27.143	70	48	1	179	248	199	265	2.5	22.3
P45379	O25175	28.302	53	38	0	115	167	37	89	3.0	21.9
P45379	O25175	30.263	76	43	3	216	288	244	312	8.7	20.8
P45379	A3DBG4	25.714	35	26	0	218	252	177	211	5.6	21.2
P45379	Q99FX5	21.569	51	32	1	112	162	95	137	5.7	21.2
P45379	D9PY12	33.333	24	16	0	88	111	44	67	9.5	20.4
P46075	P46075	100.000	634	0	0	1	634	1	634	0.0	1310
P46075	Q99FX5	35.849	53	32	1	161	211	135	187	0.034	29.6
P46075	Q5TKA1	36.364	44	25	2	33	76	482	522	0.12	27.7
P46075	P17901	28.723	94	48	3	201	292	249	325	0.54	25.8
P46075	Q2G542	34.211	38	22	2	416	452	111	146	2.9	23.1
P46075	P37551	26.471	68	49	1	208	275	185	251	3.6	23.1
P46075	A0A0F4FI39	26.263	99	64	3	23	120	186	276	6.3	22.3
P46075	A0QWG5	52.941	17	8	0	606	622	31	47	6.7	21.9
P46075	O68720	30.769	26	18	0	48	73	175	200	7.5	21.9
P46075	P9WN95	32.258	31	21	0	93	123	31	61	7.6	21.9
P46662	P46662	100.000	596	0	0	1	596	1	596	0.0	1219
P46662	Q8IEW2	38.983	59	31	2	419	472	199	257	0.052	28.9
P46662	P06229	35.417	48	31	0	198	245	98	145	1.4	24.3
P46662	P45379	31.111	45	23	2	477	521	73	109	1.7	23.9
P46662	O95400	31.250	48	30	2	445	490	200	246	4.1	22.7
P49599	P49599	100.000	388	0	0	1	388	1	388	0.0	797
P49599	P06601	34.375	32	17	1	198	225	11	42	0.39	25.4
P49599	A1JSR8	34.783	23	15	0	280	302	11	33	2.8	21.9
P49599	C7MT25	35.714	28	14	1	202	225	42	69	2.9	22.3
P49599	Q9BZI7	30.435	46	31	1	143	188	281	325	3.2	22.3
P49599	P37173	44.444	18	10	0	186	203	459	476	3.3	22.3
P49599	Q9BZE9	35.714	28	17	1	298	324	403	430	5.2	21.9
P49599	Q1MVD4	50.000	14	7	0	285	298	39	52	8.1	20.0
P51460	P51460	100.000	131	0	0	1	131	1	131	3.41e-95	263
P51460	O60016	23.881	67	42	2	50	108	30	95	0.63	22.7
P51460	P49599	77.778	9	2	0	63	71	142	150	3.1	20.4
P51460	A0A109PTH9	42.857	21	12	0	79	99	147	167	4.0	20.4
P51460	Q9UNP9	30.000	30	16	1	58	82	241	270	6.1	19.6
P51460	A0PL01	40.909	22	10	1	66	84	29	50	8.9	18.9
P54494	P54494	100.000	71	0	0	1	71	1	71	7.29e-51	147
P54494	P31340	28.571	21	15	0	1	21	1	21	2.4	19.2
P54494	Q9P7M3	47.826	23	11	1	4	25	130	152	2.9	19.2
P54494	V9P0A9	27.778	36	20	1	18	53	220	249	3.2	18.9
P54494	Q94IF5	31.250	32	22	0	26	57	75	106	5.8	18.5
P54494	A3DBG4	38.462	26	8	1	5	22	153	178	6.3	18.1
P54494	Q8IEW2	34.286	35	23	0	23	57	229	263	10.0	17.7
P56162	P56162	100.000	201	0	0	1	201	1	201	2.26e-151	411
P56162	Q38846	42.424	33	18	1	156	187	200	232	0.094	26.2
P56162	V9P0A9	28.395	81	48	3	2	82	208	278	0.11	25.8
P56162	P15529	39.130	23	14	0	141	163	73	95	0.34	24.3
P56162	P15529	33.333	39	21	1	107	140	205	243	1.4	22.3
P56162	P15529	23.729	59	42	2	80	138	241	296	6.8	20.4
P56162	D3GUV9	42.308	26	12	1	173	198	259	281	0.95	23.1
P56162	Q1MVD4	32.143	28	19	0	169	196	45	72	1.7	21.2
P56162	P40029	38.095	21	13	0	164	184	84	104	1.9	21.9
P56162	Q84527	21.311	61	33	2	27	72	18	78	2.1	21.9
P56162	Q7Z6B0	41.176	17	10	0	8	24	157	173	2.1	21.9
P56162	O69787	26.531	49	36	0	126	174	456	504	2.9	21.6
P56162	Q396C5	30.000	20	14	0	134	153	62	81	7.2	20.0
P56162	Q9Y6K8	25.000	68	49	1	106	171	177	244	7.5	20.0
P56162	G3XP38	33.962	53	20	2	124	161	314	366	8.0	20.0
P56162	W6EQP0	36.364	22	14	0	180	201	412	433	8.5	20.0
P56162	P23945	29.825	57	33	3	51	107	283	332	8.6	20.0
P56162	O14733	29.412	34	24	0	83	116	137	170	9.8	19.6
P56162	P46662	34.483	29	15	1	47	75	120	144	9.9	20.0
P67087	P67087	100.000	286	0	0	1	286	1	286	0.0	580
P67087	A0A024RAV5	35.714	70	32	5	187	256	75	131	1.2	23.1
P67087	B3PDE5	37.500	32	18	1	73	102	62	93	1.2	23.1
P67087	Q87W03	32.432	37	25	0	179	215	33	69	2.7	21.9
P67087	P11086	34.043	47	25	1	218	258	143	189	4.8	21.2
P67087	P11086	32.584	89	42	6	115	194	153	232	6.2	20.8
P77173	P77173	100.000	328	0	0	1	328	1	328	0.0	660
P77173	Q5TKA1	24.706	85	56	1	125	209	409	485	0.012	30.0
P77173	O69787	32.000	25	17	0	280	304	208	232	2.9	22.3
P77173	Q9I4X1	39.286	28	15	1	27	54	166	191	5.2	21.6
P77173	Q9UNP9	40.000	25	10	1	223	247	219	238	7.2	20.8
P77173	Q9BZI7	27.907	43	31	0	50	92	37	79	7.3	21.2
P78556	P78556	100.000	96	0	0	1	96	1	96	1.96e-70	198
P78556	Q8DWD0	37.500	16	10	0	30	45	155	170	2.2	20.0
P78556	Q9XVS8	45.000	20	7	1	1	20	76	91	8.0	18.5
P78556	C4YMW2	40.000	10	6	0	75	84	233	242	8.3	18.5
P9WFX5	P9WFX5	100.000	370	0	0	1	370	1	370	0.0	724
P9WFX5	O75807	27.273	77	46	2	99	169	79	151	0.11	26.9
P9WFX5	P34913	25.000	76	53	3	28	101	163	236	2.8	22.7
P9WFX5	P23945	36.364	33	21	0	280	312	189	221	4.7	21.9
P9WFX5	A0A1Z1F9L9	33.333	51	26	3	131	180	124	167	5.2	21.6
P9WFX5	Q8VSD5	16.049	81	65	1	280	360	93	170	6.4	21.2
P9WFX5	Q8VSD5	29.545	44	29	1	220	263	166	207	9.2	20.8
P9WFX5	Q84527	32.258	31	21	0	80	110	224	254	7.0	21.2
P9WFX5	P9WQ67	31.034	58	34	2	308	362	248	302	9.5	20.8
P9WGX5	P9WGX5	100.000	232	0	0	1	232	1	232	3.71e-166	451
P9WGX5	G4RIN4	22.414	58	36	3	147	204	306	354	0.39	24.3
P9WGX5	W6EQP0	28.571	63	32	3	164	226	284	333	0.50	24.3
P9WGX5	P9WN95	61.111	18	7	0	97	114	115	132	1.7	22.3
P9WGX5	A0QWG5	45.455	22	12	0	207	228	166	187	4.5	21.2
P9WGX5	D3GUV9	38.462	39	24	0	92	130	271	309	4.7	21.2
P9WGX5	Q8IEW2	33.333	27	18	0	88	114	145	171	7.0	20.4
P9WGX5	P34913	34.091	44	29	0	186	229	170	213	7.8	20.4
P9WK15	P9WK15	100.000	210	0	0	1	210	1	210	1.12e-158	431
P9WK15	O33283	32.353	34	23	0	9	42	111	144	1.6	21.9
P9WK15	P11349	29.825	57	34	1	38	94	73	123	1.7	22.3
P9WK15	D3GUV9	44.000	25	14	0	185	209	353	377	1.8	22.3
P9WK15	Q9H7Z6	47.619	21	11	0	190	210	145	165	3.5	21.2
P9WK15	P40515	28.000	50	32	2	151	196	49	98	3.8	20.8
P9WN95	P9WN95	100.000	379	0	0	1	379	1	379	0.0	741
P9WN95	Q9BTE3	29.592	98	57	3	184	272	459	553	0.59	25.0
P9WN95	Q9Y6K8	37.037	27	17	0	88	114	371	397	1.4	23.5
P9WN95	A6V1E4	35.714	28	18	0	131	158	191	218	1.6	23.1
P9WN95	Q9C8L4	25.954	131	69	6	269	374	57	184	1.7	23.1
P9WN95	P9WFX5	66.667	15	5	0	11	25	103	117	2.4	22.7
P9WN95	Q7Z6B0	34.783	23	15	0	155	177	247	269	3.0	22.7
P9WN95	P06601	32.143	28	19	0	97	124	372	399	6.0	21.6
P9WN95	P13717	27.586	87	56	3	252	335	108	190	6.3	21.2
P9WN95	P46075	32.258	31	21	0	31	61	93	123	6.6	21.6
P9WN95	G3XP38	50.000	18	9	0	301	318	45	62	6.9	21.6
P9WN95	Q9BY41	33.333	27	18	0	14	40	217	243	7.4	21.2
P9WN95	Q99538	47.826	23	7	1	4	21	110	132	8.9	21.2
P9WN95	Q72GF3	66.667	15	5	0	87	101	122	136	9.9	20.8
P9WQ67	P9WQ67	100.000	398	0	0	1	398	1	398	0.0	783
P9WQ67	D3GUV9	24.405	168	112	7	223	385	170	327	1.4	23.9
P9WQ67	O95147	33.333	42	27	1	24	65	84	124	2.3	22.7
P9WQ67	B4RLV9	44.444	18	10	0	41	58	79	96	3.2	22.3
P9WQ67	Q55554	38.462	39	22	2	38	75	54	91	4.6	21.6
P9WQ67	Q91UM2	32.258	31	21	0	47	77	175	205	6.9	21.2
P9WQ67	Q8A336	28.378	74	48	1	19	92	19	87	8.4	20.8
P9WQ67	P0A6H1	41.667	24	13	1	303	326	397	419	9.5	21.2
P9WQB5	P9WQB5	100.000	177	0	0	1	177	1	177	1.00e-131	360
P9WQB5	O25140	33.333	33	21	1	128	160	87	118	2.0	21.6
P9WQB5	Q8DWD0	26.087	46	24	2	108	147	166	207	4.7	20.4
P9WQB5	O31511	42.308	26	13	1	7	30	54	79	4.7	20.4
P9WQB5	P16048	21.569	51	33	1	131	174	46	96	5.5	20.0
P9WQB5	Q51782	34.615	26	17	0	30	55	88	113	7.4	20.0
P9WQB5	Q9M8R4	30.435	23	16	0	89	111	323	345	9.4	19.6
Q00459	Q00459	100.000	103	0	0	1	103	1	103	9.03e-75	210
Q00459	O33283	31.481	54	27	3	50	100	79	125	2.3	20.0
Q00459	Q16790	38.889	36	21	1	36	71	235	269	3.5	20.0
Q00459	Q9I380	42.105	19	11	0	3	21	80	98	4.0	19.2
Q00459	P9WQ67	32.353	34	19	1	1	34	110	139	4.9	19.2
Q00459	Q889N2	53.846	13	6	0	59	71	25	37	5.6	18.9
Q00459	Q9BZE9	37.838	37	16	2	31	66	338	368	7.0	18.9
Q00459	P01180	25.714	70	39	2	15	71	54	123	9.1	18.5
Q01786	Q01786	100.000	466	0	0	1	466	1	466	0.0	961
Q01786	Q503K9	32.353	34	23	0	359	392	12	45	1.4	22.7
Q01786	P29241	27.632	76	44	2	75	146	124	192	1.8	23.5
Q01786	Q99FX5	27.586	29	21	0	187	215	122	150	2.3	23.1
Q01786	C7MT25	26.866	67	39	3	329	394	108	165	3.6	22.3
Q01786	P37090	38.889	18	11	0	216	233	487	504	7.1	21.6
Q0I165	Q0I165	100.000	236	0	0	1	236	1	236	1.97e-179	485
Q0I165	B4RLV9	25.688	218	137	7	14	221	5	207	8.94e-17	70.1
Q0I165	Q15208	30.882	68	42	3	123	188	312	376	0.64	23.9
Q0I165	O69787	29.167	48	25	2	159	206	473	511	6.0	20.8
Q0I165	P0A6H1	24.138	29	22	0	192	220	7	35	6.2	20.8
Q0I165	P22629	22.222	54	37	1	107	160	128	176	8.1	20.0
Q12163	Q12163	100.000	236	0	0	1	236	1	236	3.46e-177	479
Q12163	A0A0F4FI39	27.273	55	39	1	63	117	235	288	1.8	22.3
Q12163	O25094	33.846	65	34	5	131	186	74	138	3.5	21.2
Q12285	Q12285	100.000	212	0	0	1	212	1	212	2.67e-157	427
Q12285	F9USS0	29.487	78	36	4	128	186	41	118	0.58	23.1
Q12285	A3DBG4	42.857	21	11	1	1	20	249	269	6.2	20.4
Q12285	P34913	30.612	49	27	3	130	171	181	229	6.9	20.4
Q12285	P38877	33.333	24	16	0	35	58	91	114	8.2	19.6
Q12285	P08921	35.484	31	20	0	142	172	250	280	9.0	20.0
Q12285	Q84527	29.268	41	27	1	91	131	240	278	9.7	20.0
Q12285	Q9UNP9	23.404	47	36	0	19	65	13	59	10.0	19.6
Q13227	Q13227	100.000	327	0	0	1	327	1	327	0.0	654
Q13227	G3XP38	31.481	54	27	2	153	202	173	220	0.59	24.6
Q13227	Q9NY25	38.889	36	18	2	69	102	108	141	1.5	22.7
Q13227	Q9UNP9	32.432	37	25	0	123	159	228	264	1.9	22.7
Q13227	Q15208	19.737	76	56	2	6	81	18	88	3.3	22.3
Q13227	A0QP50	40.000	25	14	1	172	195	44	68	4.5	20.8
Q13227	Q55554	56.250	16	7	0	223	238	63	78	4.6	21.2
Q13227	P34913	33.333	39	25	1	285	322	221	259	7.1	21.2
Q13227	P46662	35.000	60	27	2	30	79	418	475	7.7	21.2
Q13227	Q9BUH6	34.286	35	22	1	249	283	132	165	8.4	20.8
Q13351	Q13351	100.000	362	0	0	1	362	1	362	0.0	722
Q13351	Q9BT30	36.538	52	32	1	219	269	9	60	1.0	23.9
Q13351	Q9HV00	24.286	70	41	2	304	361	204	273	1.4	23.5
Q13351	Q13227	32.727	55	33	1	114	164	178	232	2.2	22.7
Q13351	Q4WF29	36.667	30	19	0	182	211	134	163	3.5	21.9
Q13351	Q00459	30.000	50	32	1	45	91	22	71	6.5	20.8
Q13351	Q889N2	57.143	14	6	0	196	209	67	80	7.9	20.0
Q13351	Q9RHG4	54.545	11	5	0	31	41	73	83	8.1	20.4
Q13351	P0A3Q9	50.000	20	7	2	315	331	228	247	8.3	20.8
Q13351	Q9I380	26.829	41	30	0	239	279	38	78	8.5	20.4
Q13351	P06601	40.000	20	12	0	105	124	426	445	8.7	21.2
Q13794	Q13794	100.000	54	0	0	1	54	1	54	5.53e-37	110
Q13794	Q5SMC7	46.667	15	8	0	2	16	325	339	0.50	20.8
Q13794	Q13227	36.000	25	16	0	6	30	187	211	2.9	18.5
Q13794	P23945	46.667	15	8	0	37	51	632	646	3.1	18.5
Q13794	O00762	47.059	34	13	3	6	35	16	48	3.2	18.5
Q13794	Q9C8L4	50.000	10	5	0	9	18	21	30	3.5	18.1
Q13794	O14733	33.333	24	16	0	22	45	144	167	5.9	17.7
Q13794	Q87SR8	70.000	10	3	0	20	29	412	421	6.8	17.7
Q15208	Q15208	100.000	465	0	0	1	465	1	465	0.0	972
Q15208	Q9H1R3	27.437	277	149	10	89	357	285	517	4.57e-23	95.1
Q15208	O14733	25.379	264	142	7	72	322	101	322	6.75e-20	84.3
Q15208	P37173	20.902	244	136	10	94	315	249	457	0.008	31.2
Q15208	O95400	40.000	35	16	1	379	408	117	151	0.55	25.0
Q15208	Q4KC91	30.841	107	63	4	179	279	33	134	0.99	23.9
Q15208	Q9UNP9	30.357	56	36	1	147	202	8	60	2.3	23.1
Q15208	A0A010	31.429	35	24	0	383	417	163	197	2.3	23.1
Q15208	P0A3Q9	20.732	82	59	3	373	449	125	205	3.4	22.7
Q15208	Q4WQS0	40.741	27	16	0	433	459	80	106	4.0	22.3
Q15208	Q87SR8	22.414	58	40	1	5	57	413	470	6.1	21.9
Q15208	O25140	21.311	61	47	1	239	299	110	169	6.2	21.6
Q15208	O74986	34.483	29	19	0	401	429	72	100	6.8	21.6
Q15208	Q9LSI9	17.563	279	179	8	52	318	265	504	7.2	21.6
Q15208	C4YMW2	44.000	25	10	1	335	359	302	322	7.7	21.6
Q15208	P09167	26.316	38	22	1	312	343	219	256	8.5	21.6
Q15208	B3PDE5	36.000	25	16	0	414	438	211	235	9.6	21.2
Q15208	O75807	55.000	20	9	0	53	72	226	245	10.0	21.2
Q15388	Q15388	100.000	145	0	0	1	145	1	145	2.93e-107	295
Q15388	Q9Y5P4	40.000	20	12	0	25	44	282	301	0.35	23.9
Q15388	P23945	32.143	28	19	0	45	72	123	150	1.8	21.6
Q15388	Q99538	30.000	30	21	0	116	145	297	326	3.1	20.8
Q15388	P40029	34.783	23	15	0	99	121	67	89	4.0	20.0
Q15388	A0A010	30.435	46	26	2	63	102	167	212	4.4	20.0
Q15388	P02836	34.375	32	21	0	114	145	158	189	6.2	20.0
Q15388	P37173	25.000	40	29	1	66	104	333	372	6.5	19.6
Q16790	Q16790	100.000	459	0	0	1	459	1	459	0.0	911
Q16790	P15289	38.636	44	25	2	149	190	318	361	1.1	24.3
Q16790	P08921	35.484	31	20	0	394	424	193	223	3.3	22.7
Q16790	P34913	30.137	73	36	3	258	322	22	87	6.7	21.6
Q1MVD4	Q1MVD4	100.000	82	0	0	1	82	1	82	1.43e-56	162
Q1MVD4	P11349	31.429	70	28	3	9	76	181	232	7.54e-04	29.6
Q1MVD4	P11349	44.000	25	12	1	58	80	181	205	0.31	22.3
Q1MVD4	P11349	34.615	26	17	0	46	71	1	26	3.1	19.6
Q1MVD4	P11349	30.000	20	14	0	3	22	7	26	4.1	19.2
Q1MVD4	W6EQP0	26.027	73	36	3	10	72	364	428	0.002	28.5
Q1MVD4	W6EQP0	25.301	83	52	2	3	76	300	381	0.032	25.0
Q1MVD4	W6EQP0	47.368	19	10	0	5	23	410	428	0.38	21.9
Q1MVD4	P56162	32.143	28	19	0	45	72	169	196	0.71	21.2
Q1MVD4	P37173	29.268	41	19	1	46	76	36	76	0.73	21.2
Q1MVD4	Q8ZPX9	31.818	22	15	0	27	48	33	54	1.4	20.4
Q1MVD4	A0A0D5YE19	30.303	33	16	1	28	60	86	111	1.4	20.4
Q1MVD4	P49599	50.000	14	7	0	39	52	285	298	1.7	20.0
Q1MVD4	Q51782	23.171	82	50	3	9	80	76	154	2.2	20.0
Q1MVD4	Q38846	34.615	26	17	0	13	38	228	253	4.3	19.2
Q1MVD4	A0A109PTH9	34.783	23	15	0	30	52	466	488	5.9	18.9
Q1MVD4	Q88CM1	33.333	24	16	0	35	58	145	168	7.1	18.5
Q1MVD4	P13717	57.143	7	3	0	17	23	29	35	7.2	18.5
Q1MVD4	B8HDZ1	36.364	11	7	0	59	69	206	216	7.4	18.5
Q1MVD4	Q9HV00	38.889	18	11	0	49	66	173	190	8.7	18.1
Q24570	Q24570	100.000	138	0	0	1	138	1	138	1.06e-100	278
Q24570	Q84527	57.143	14	6	0	111	124	170	183	2.6	20.8
Q24570	Q9Z2X2	39.130	23	14	0	113	135	120	142	2.9	20.4
Q24570	P23945	42.857	14	8	0	80	93	641	654	3.2	20.8
Q24570	A0A024RAV5	52.381	21	10	0	10	30	129	149	6.2	19.6
Q24570	P06601	33.333	30	20	0	32	61	336	365	8.4	19.2
Q2G542	Q2G542	100.000	288	0	0	1	288	1	288	0.0	593
Q2G542	P46075	34.211	38	22	2	111	146	416	452	1.3	23.5
Q2G542	Q9H1R3	47.619	21	11	0	23	43	16	36	1.4	23.1
Q2G542	Q9BZE9	27.273	77	42	3	48	110	13	89	1.6	23.1
Q2G542	Q4WQS0	23.684	76	49	2	105	176	264	334	2.4	22.3
Q2G542	O41136	35.714	28	18	0	219	246	170	197	3.0	21.9
Q2G542	C7MT25	30.159	63	39	2	105	167	157	214	3.1	21.9
Q2G542	Q99538	33.333	24	16	0	116	139	190	213	3.3	21.9
Q2G542	P11349	25.455	55	36	2	212	266	38	87	5.0	21.6
Q2G542	Q5SHU9	80.000	10	2	0	277	286	214	223	5.3	21.2
Q2G542	P37090	39.130	23	14	0	256	278	552	574	7.9	20.8
Q2G542	Q9LSI9	22.500	40	31	0	53	92	458	497	7.9	20.8
Q38503	Q38503	100.000	56	0	0	1	56	1	56	2.35e-37	112
Q38503	A0A024RAV5	57.143	14	6	0	1	14	23	36	0.096	22.7
Q38503	A9CID8	32.558	43	27	1	16	56	154	196	0.27	21.6
Q38503	Q87SR8	26.316	19	14	0	13	31	132	150	0.52	20.8
Q38503	A0A109PTH9	37.500	32	19	1	9	40	452	482	2.9	18.5
Q38503	O43504	25.000	28	20	1	8	34	58	85	3.4	18.1
Q38503	P14831	70.000	10	3	0	12	21	81	90	3.4	18.5
Q38503	Q9UNP9	38.462	13	8	0	26	38	44	56	5.6	17.7
Q38503	O75807	85.714	7	1	0	15	21	110	116	8.5	17.3
Q38846	Q38846	100.000	613	0	0	1	613	1	613	0.0	1265
Q38846	Q72GF3	28.571	98	56	5	383	470	122	215	0.23	26.9
Q38846	P56162	42.424	33	18	1	200	232	156	187	0.29	26.2
Q38846	P37173	34.615	26	17	0	239	264	421	446	2.8	23.5
Q38846	P06229	40.909	44	19	2	434	477	248	284	2.9	23.1
Q38846	P40080	39.394	33	16	1	520	552	41	69	4.4	22.3
Q38846	C9K1X5	42.857	21	12	0	150	170	26	46	7.9	21.9
Q38846	P11349	43.750	16	9	0	245	260	378	393	8.0	21.9
Q38846	O25175	38.235	34	21	0	239	272	208	241	8.6	21.9
Q396C5	Q396C5	100.000	212	0	0	1	212	1	212	9.48e-160	433
Q396C5	P23657	47.059	17	9	0	175	191	113	129	1.4	22.3
Q396C5	Q6QLL4	22.951	61	37	1	105	165	34	84	2.2	21.9
Q396C5	O67757	50.000	14	7	0	108	121	163	176	3.2	21.2
Q396C5	Q4WF29	46.429	28	14	1	149	175	141	168	4.0	21.2
Q396C5	Q7A189	53.846	13	6	0	65	77	65	77	6.4	20.0
Q396C5	Q9BUH6	77.778	9	2	0	167	175	15	23	7.2	20.0
Q396C5	P56162	30.000	20	14	0	62	81	134	153	7.6	20.0
Q3U4G3	Q3U4G3	100.000	392	0	0	1	392	1	392	0.0	814
Q3U4G3	C7MT25	26.891	119	73	5	57	164	71	186	0.36	25.4
Q3U4G3	Q72GF3	50.000	22	10	1	300	321	183	203	0.44	25.4
Q3U4G3	A0QWG5	36.364	22	14	0	303	324	280	301	0.92	24.3
Q3U4G3	P11349	37.500	24	15	0	287	310	313	336	4.0	22.3
Q3U4G3	Q9S7E4	37.500	24	11	1	149	172	208	227	5.4	21.6
Q3U4G3	Q5LEL2	31.111	45	28	1	215	259	95	136	5.8	21.2
Q3U4G3	O14733	31.250	64	31	2	266	316	319	382	6.8	21.6
Q3U4G3	Q5SIT3	35.135	37	24	0	58	94	28	64	7.3	20.0
Q3U4G3	Q9Y6K8	36.000	25	16	0	65	89	127	151	9.0	21.2
Q3U4G3	Q9I4X1	33.333	57	29	2	9	65	176	223	10.0	20.8
Q3YPH0	Q3YPH0	100.000	143	0	0	1	143	1	143	1.73e-104	288
Q3YPH0	C7MT25	21.875	128	83	5	24	140	130	251	0.006	28.9
Q3YPH0	P23945	36.364	22	12	1	20	41	132	151	3.4	20.8
Q3YPH0	F6BCS4	29.825	57	32	2	1	50	127	182	5.0	20.0
Q3YPH0	P36094	25.455	55	37	1	5	59	243	293	5.2	20.0
Q3YPH0	Q9I4X1	40.000	20	12	0	79	98	217	236	5.5	20.0
Q3YPH0	Q6Q0J0	40.000	15	9	0	40	54	292	306	7.4	19.6
Q47212	Q47212	100.000	300	0	0	1	300	1	300	0.0	611
Q47212	Q5LEL2	24.590	61	33	3	80	127	29	89	0.74	23.5
Q47212	O68196	34.615	26	15	1	108	131	40	65	8.9	20.0
Q47212	Q9BTE3	34.483	29	19	0	45	73	466	494	9.8	20.4
Q47785	Q47785	100.000	103	0	0	1	103	1	103	3.76e-74	208
Q47785	Q99538	50.000	16	8	0	6	21	64	79	2.7	20.0
Q47785	Q87SR8	29.412	34	24	0	54	87	11	44	3.0	20.0
Q47785	Q87SR8	50.000	20	7	1	74	93	458	474	4.4	19.6
Q47785	D0VWS5	30.435	23	16	0	7	29	96	118	3.4	19.6
Q47785	A0QWG5	35.714	28	11	1	56	76	140	167	4.9	19.2
Q47785	Q94IF5	26.027	73	40	3	2	72	206	266	6.8	18.9
Q47785	Q8TZY3	38.462	26	15	1	21	46	21	45	7.6	18.9
Q47785	F6BCS4	50.000	16	8	0	29	44	86	101	8.3	18.9
Q4KC91	Q4KC91	100.000	156	0	0	1	156	1	156	6.70e-118	323
Q4KC91	Q5LAZ3	30.357	56	32	3	104	156	47	98	0.19	23.9
Q4KC91	Q15208	30.841	107	63	4	33	134	179	279	0.33	23.9
Q4KC91	A0A0H2VDD2	53.846	13	6	0	55	67	144	156	2.6	20.8
Q4KC91	A0A0H2VDD2	31.111	45	28	2	92	136	95	136	4.5	20.4
Q4KC91	Q9BY41	27.027	74	39	4	38	109	56	116	4.1	20.4
Q4KC91	P16778	44.000	25	13	1	36	60	123	146	4.7	20.4
Q4KC91	A0A223GEC9	23.636	55	38	2	82	132	212	266	5.4	20.0
Q4WF29	Q4WF29	100.000	292	0	0	1	292	1	292	0.0	607
Q4WF29	Q7Z6B0	25.000	80	55	1	187	261	357	436	0.29	25.4
Q4WF29	O95400	27.083	96	52	6	6	101	262	339	2.4	22.3
Q4WF29	Q13351	36.667	30	19	0	134	163	182	211	3.8	21.6
Q4WF29	Q396C5	46.429	28	14	1	141	168	149	175	5.5	21.2
Q4WF29	P34913	25.000	28	21	0	136	163	323	350	7.8	20.8
Q4WF29	P49599	27.273	99	47	5	75	154	26	118	8.4	20.8
Q4WQS0	Q4WQS0	100.000	406	0	0	1	406	1	406	0.0	830
Q4WQS0	Q2G542	23.684	76	49	2	264	334	105	176	3.4	22.3
Q4WQS0	Q15208	40.741	27	16	0	80	106	433	459	3.5	22.3
Q4WQS0	Q84527	28.947	38	26	1	294	331	126	162	5.4	21.9
Q4WQS0	W6EQP0	43.478	23	13	0	214	236	242	264	6.2	21.6
Q503K9	Q503K9	100.000	99	0	0	1	99	1	99	1.52e-71	201
Q503K9	Q01786	32.353	34	23	0	12	45	359	392	0.30	22.7
Q503K9	Q6QLL4	61.111	18	6	1	66	82	138	155	1.6	20.8
Q503K9	P17901	31.707	41	27	1	39	78	421	461	2.3	20.4
Q503K9	O95278	55.556	18	8	0	81	98	309	326	2.8	20.0
Q503K9	P40029	58.333	12	5	0	41	52	91	102	7.2	18.9
Q51782	Q51782	100.000	407	0	0	1	407	1	407	0.0	837
Q51782	F9UST4	25.444	169	97	9	199	346	79	239	0.020	29.3
Q51782	Q9H1R3	53.333	15	7	0	82	96	495	509	1.8	23.5
Q51782	Q6Q0J0	36.364	33	17	1	69	97	134	166	2.8	22.7
Q51782	A0A109PTH9	42.857	21	12	0	344	364	230	250	3.1	22.7
Q51782	Q84527	33.333	21	14	0	29	49	195	215	3.4	22.3
Q51782	O95147	25.581	43	28	2	224	266	124	162	3.7	21.9
Q53VW9	Q53VW9	100.000	116	0	0	1	116	1	116	1.50e-83	233
Q53VW9	O60016	46.154	13	7	0	84	96	78	90	3.1	20.4
Q53VW9	Q9H1R3	50.000	24	11	1	17	40	62	84	4.0	20.0
Q53VW9	Q9BZE9	46.154	13	7	0	81	93	522	534	7.2	19.2
Q55554	Q55554	100.000	167	0	0	1	167	1	167	2.24e-127	348
Q55554	A3DBG4	34.375	32	21	0	78	109	337	368	0.14	25.0
Q55554	P9WQ67	38.462	39	22	2	54	91	38	75	1.9	21.6
Q55554	O60016	32.143	28	19	0	67	94	80	107	2.9	21.2
Q55554	Q13227	56.250	16	7	0	63	78	223	238	3.0	21.2
Q55554	G7K2D1	30.435	23	12	1	36	58	18	36	7.3	19.6
Q55554	P37173	34.286	35	17	1	79	113	340	368	7.7	20.0
Q57221	Q57221	100.000	151	0	0	1	151	1	151	8.70e-112	307
Q57221	P17901	20.000	80	61	1	34	113	344	420	0.38	23.5
Q57221	P17901	40.625	32	17	1	5	36	9	38	0.58	23.1
Q57221	Q9BZE9	47.619	21	8	1	93	113	205	222	1.8	21.6
Q57221	P30014	17.722	79	61	1	57	135	104	178	2.1	21.2
Q57221	Q5SM28	43.478	23	13	0	94	116	241	263	2.2	21.2
Q57221	P06601	25.532	47	23	1	91	137	491	525	3.0	20.8
Q57221	Q5TKA1	25.532	47	32	1	107	150	31	77	3.6	20.8
Q57221	Q9H1R3	34.483	29	17	1	6	32	468	496	5.4	20.0
Q57221	P0A6H1	28.571	105	65	4	34	132	98	198	5.6	20.0
Q57221	Q47785	32.000	25	17	0	3	27	52	76	5.9	19.6
Q57221	P09167	34.615	26	17	0	67	92	327	352	6.3	20.0
Q57221	F6BCS4	58.333	12	5	0	127	138	166	177	7.9	19.6
Q57221	G4RIN4	30.303	33	23	0	14	46	21	53	9.0	19.2
Q57221	P37090	24.444	45	31	1	49	93	198	239	9.6	19.2
Q5LAZ3	Q5LAZ3	100.000	99	0	0	1	99	1	99	2.53e-72	203
Q5LAZ3	Q4KC91	30.357	56	32	3	47	98	104	156	0.12	23.9
Q5LAZ3	A0QWG5	32.692	52	23	3	21	64	208	255	0.36	22.7
Q5LAZ3	Q9Y5P4	48.000	25	12	1	37	61	509	532	0.97	21.6
Q5LAZ3	P10746	44.444	18	10	0	64	81	214	231	1.1	21.2
Q5LAZ3	A3DBG4	29.167	72	46	4	17	85	256	325	1.3	21.2
Q5LAZ3	Q9HU04	27.778	54	33	2	46	99	53	100	2.3	20.0
Q5LAZ3	P9WQ67	53.333	15	7	0	84	98	93	107	4.1	19.6
Q5LAZ3	P30014	39.130	23	14	0	72	94	146	168	5.4	19.2
Q5LAZ3	P46075	22.222	45	35	0	10	54	551	595	5.8	19.2
Q5LAZ3	Q5SM28	28.125	64	36	1	31	94	379	432	5.8	19.2
Q5LEL2	Q5LEL2	100.000	143	0	0	1	143	1	143	4.02e-104	287
Q5LEL2	Q8ML92	27.778	54	36	2	53	105	23	74	0.16	23.9
Q5LEL2	Q47212	24.590	61	33	3	29	89	80	127	0.41	23.1
Q5LEL2	Q3U4G3	31.111	45	28	1	95	136	215	259	2.2	21.2
Q5LEL2	W6EQP0	22.059	68	44	2	39	102	434	496	3.1	20.8
Q5LEL2	Q99538	64.286	14	5	0	21	34	242	255	4.7	20.0
Q5LEL2	O00762	42.105	19	11	0	70	88	31	49	6.7	19.6
Q5LEL2	P16778	38.462	26	13	1	121	143	369	394	7.0	19.6
Q5SHU9	Q5SHU9	100.000	253	0	0	1	253	1	253	0.0	494
Q5SHU9	P0A6H1	27.184	103	62	3	77	173	285	380	0.55	24.3
Q5SHU9	P02836	22.857	105	71	4	103	204	418	515	0.89	23.5
Q5SHU9	Q84527	23.256	43	33	0	201	243	170	212	1.4	22.7
Q5SHU9	O74859	26.415	53	35	2	39	89	150	200	4.5	21.2
Q5SHU9	Q2G542	80.000	10	2	0	214	223	277	286	4.7	21.2
Q5SIT3	Q5SIT3	100.000	69	0	0	1	69	1	69	8.42e-46	134
Q5SIT3	C9K1X5	29.167	48	26	1	20	59	10	57	0.60	21.2
Q5SIT3	Q9BUH6	52.632	19	6	1	25	40	59	77	1.6	19.6
Q5SIT3	P56162	25.000	32	24	0	36	67	32	63	5.7	18.1
Q5SIT3	Q9C8L4	46.154	13	7	0	5	17	95	107	9.7	17.7
Q5SM28	Q5SM28	100.000	477	0	0	1	477	1	477	0.0	980
Q5SM28	Q6QLL4	27.941	68	44	2	326	392	134	197	2.9	22.7
Q5SM28	Q57221	43.478	23	13	0	241	263	94	116	7.0	21.2
Q5SM28	Q9Z2X2	27.500	40	24	1	293	332	174	208	7.3	21.6
Q5SMC7	Q5SMC7	100.000	342	0	0	1	342	1	342	0.0	678
Q5SMC7	O67757	32.759	58	33	2	110	161	29	86	0.18	26.2
Q5SMC7	D9PY12	29.268	41	25	1	278	318	31	67	2.3	22.3
Q5SMC7	Q13794	46.667	15	8	0	325	339	2	16	3.2	20.4
Q5SMC7	Q99593	22.667	75	53	2	4	78	181	250	4.3	21.9
Q5SMC7	D3GUV9	47.368	19	9	1	186	204	507	524	8.7	20.8
Q5TKA1	Q5TKA1	100.000	542	0	0	1	542	1	542	0.0	1129
Q5TKA1	P46075	36.364	44	25	2	482	522	33	76	0.12	27.7
Q5TKA1	Q8TZY3	33.333	36	17	1	339	367	7	42	3.8	22.3
Q5W1E8	Q5W1E8	100.000	96	0	0	1	96	1	96	1.68e-67	191
Q5W1E8	P02836	28.125	32	23	0	65	96	464	495	2.4	20.0
Q5W1E8	P40080	22.535	71	46	2	15	84	15	77	2.6	20.0
Q5W1E8	P29241	35.714	28	12	2	23	44	94	121	5.2	19.2
Q5W1E8	P46662	43.333	30	12	2	41	68	207	233	7.1	18.9
Q5W1E8	Q99538	75.000	8	2	0	15	22	186	193	8.9	18.5
Q5W1E8	P22629	85.714	7	1	0	35	41	78	84	9.3	18.5
Q663P0	Q663P0	100.000	130	0	0	1	130	1	130	7.10e-96	265
Q663P0	Q38846	18.987	79	63	1	26	103	84	162	1.0	21.9
Q663P0	Q9I4X1	27.027	37	27	0	89	125	38	74	3.0	20.4
Q663P0	O75223	38.095	42	17	3	81	115	77	116	3.5	20.0
Q663P0	O69245	66.667	12	4	0	88	99	220	231	4.7	20.0
Q663P0	Q8DWD0	32.143	56	33	2	1	55	159	210	5.9	19.6
Q663P0	Q5SHU9	54.545	11	5	0	86	96	126	136	5.9	19.6
Q663P0	D9PY12	32.000	25	17	0	16	40	50	74	9.6	18.9
Q663P0	Q99538	23.333	60	44	1	37	96	144	201	9.7	18.9
Q6MX18	Q6MX18	100.000	97	0	0	1	97	1	97	1.56e-65	186
Q6MX18	Q72GF3	35.556	45	22	2	39	76	272	316	4.9	19.2
Q6Q0J0	Q6Q0J0	100.000	345	0	0	1	345	1	345	0.0	697
Q6Q0J0	Q9BZE9	28.302	53	36	1	216	268	32	82	0.068	27.7
Q6Q0J0	P11349	25.424	59	39	1	200	258	190	243	1.6	23.1
Q6Q0J0	Q9BZI7	40.625	32	19	0	246	277	267	298	1.7	23.1
Q6Q0J0	A0A0D5YE19	31.250	48	25	2	279	318	133	180	1.9	22.7
Q6Q0J0	Q51782	36.364	33	17	1	134	166	69	97	2.4	22.7
Q6Q0J0	D9SIP4	24.324	37	28	0	184	220	415	451	4.1	21.9
Q6Q0J0	O95147	24.390	41	27	1	159	195	29	69	6.2	21.2
Q6Q0J0	P37090	37.500	24	15	0	201	224	11	34	8.7	20.8
Q6Q546	Q6Q546	100.000	73	0	0	1	73	1	73	1.25e-50	146
Q6Q546	P29241	40.000	30	17	1	2	31	214	242	0.29	21.9
Q6Q546	G3XP38	32.432	37	23	2	18	53	222	257	5.4	18.5
Q6Q546	Q8Y9T5	38.462	26	9	1	21	46	163	181	7.9	18.1
Q6Q546	O67757	40.000	15	9	0	36	50	187	201	9.6	17.7
Q6QLL4	Q6QLL4	100.000	300	0	0	1	300	1	300	0.0	617
Q6QLL4	Q7Z6B0	50.000	16	8	0	223	238	33	48	0.83	23.9
Q6QLL4	Q5SM28	27.941	68	44	2	134	197	326	392	2.0	22.7
Q6QLL4	Q396C5	22.951	61	37	1	34	84	105	165	3.2	21.9
Q6QLL4	P16778	29.091	55	30	2	108	153	264	318	4.6	21.6
Q6QLL4	Q503K9	61.111	18	6	1	138	155	66	82	4.8	20.8
Q72GF3	Q72GF3	100.000	517	0	0	1	517	1	517	0.0	1001
Q72GF3	Q38846	28.571	98	56	5	122	215	383	470	0.19	26.9
Q72GF3	Q3U4G3	50.000	22	10	1	183	203	300	321	0.51	25.4
Q72GF3	G4RIN4	21.719	221	141	12	106	306	146	354	0.77	25.0
Q72GF3	Q8TBZ6	19.118	68	49	1	379	446	104	165	1.3	24.3
Q72GF3	Q9Y6K8	24.528	53	27	1	85	124	98	150	5.3	22.3
Q72GF3	Q94IF5	34.615	26	17	0	10	35	45	70	6.4	21.9
Q72GF3	B4RLV9	31.111	45	27	2	341	381	82	126	7.0	21.6
Q7A189	Q7A189	100.000	109	0	0	1	109	1	109	6.49e-80	223
Q7A189	A0A0H2VDD2	23.894	113	59	5	3	107	26	119	0.093	24.3
Q7A189	P20581	25.000	80	45	5	29	99	140	213	2.1	20.4
Q7A189	D3GUV9	42.857	21	12	0	83	103	511	531	2.9	20.4
Q7A189	Q99538	26.984	63	43	2	40	102	31	90	2.9	20.0
Q7A189	Q99538	29.032	31	21	1	27	56	228	258	9.3	18.9
Q7A189	Q396C5	53.846	13	6	0	65	77	65	77	3.3	20.0
Q7A189	Q9H0F5	38.462	13	8	0	30	42	452	464	4.6	19.6
Q7A189	P37551	61.538	13	5	0	87	99	46	58	7.4	18.9
Q7A189	Q16790	54.545	11	5	0	43	53	133	143	8.9	18.9
Q7VYH2	Q7VYH2	100.000	160	0	0	1	160	1	160	1.75e-113	312
Q7VYH2	A0A223GEC9	31.111	45	28	1	72	113	102	146	1.5	21.9
Q7VYH2	P06601	27.778	54	30	2	21	72	399	445	1.8	21.6
Q7VYH2	Q7Z6B0	28.125	96	56	3	9	92	247	341	5.9	20.0
Q7VYH2	P37173	30.357	56	31	2	10	59	299	352	6.2	20.0
Q7VYH2	Q9Y5P4	26.667	45	24	2	118	153	104	148	8.1	19.6
Q7VYH2	Q87SR8	34.146	41	25	1	92	130	43	83	8.1	19.6
Q7Y5B1	Q7Y5B1	100.000	78	0	0	1	78	1	78	5.36e-57	163
Q7Y5B1	P23945	31.250	32	22	0	39	70	444	475	0.67	21.2
Q7Y5B1	O41136	24.444	45	23	2	20	53	67	111	1.8	20.0
Q7Y5B1	Q8ML92	29.167	24	17	0	50	73	21	44	4.7	18.5
Q7Y5B1	Q0I165	33.333	24	16	0	49	72	198	221	5.2	18.5
Q7Y5B1	Q9HYC4	75.000	8	2	0	8	15	26	33	8.9	17.7
Q7Z6B0	Q7Z6B0	100.000	441	0	0	1	441	1	441	0.0	876
Q7Z6B0	Q84527	25.373	134	78	6	298	420	182	304	0.13	26.9
Q7Z6B0	Q4WF29	26.829	82	51	3	357	436	187	261	0.17	26.6
Q7Z6B0	P37090	32.000	50	33	1	278	326	428	477	0.19	26.6
Q7Z6B0	O25175	25.410	122	81	5	280	395	264	381	0.54	25.0
Q7Z6B0	Q6QLL4	50.000	16	8	0	33	48	223	238	1.2	23.9
Q7Z6B0	Q87W03	30.769	65	40	2	348	407	42	106	1.7	23.1
Q7Z6B0	B8HDZ1	50.000	18	9	0	423	440	386	403	1.8	23.5
Q7Z6B0	Q9NY25	34.783	23	15	0	106	128	37	59	3.0	22.3
Q7Z6B0	P9WN95	34.783	23	15	0	247	269	155	177	5.0	21.9
Q7Z6B0	P56162	41.176	17	10	0	157	173	8	24	5.2	21.6
Q7Z6B0	O60888	47.059	17	9	0	347	363	76	92	6.6	21.2
Q7Z6B0	O00762	55.000	20	9	0	58	77	134	153	8.0	21.2
Q7Z6B0	O14733	52.381	21	10	0	134	154	6	26	8.3	21.2
Q84527	Q84527	100.000	372	0	0	1	372	1	372	0.0	771
Q84527	Q7Z6B0	27.027	111	62	5	182	281	298	400	0.60	24.6
Q84527	G3XP38	35.484	31	20	0	61	91	257	287	1.0	23.9
Q84527	P0A3Q9	26.667	60	41	1	93	149	212	271	1.4	23.5
Q84527	Q5SHU9	23.256	43	33	0	170	212	201	243	2.1	22.7
Q84527	O68720	21.622	111	69	4	255	361	272	368	2.3	22.7
Q84527	Q51782	33.333	21	14	0	195	215	29	49	3.1	22.3
Q84527	P56162	21.311	61	33	2	18	78	27	72	3.9	21.9
Q84527	Q4WQS0	28.947	38	26	1	126	162	294	331	4.9	21.9
Q84527	C7MT25	57.143	14	6	0	294	307	176	189	6.1	21.6
Q84527	P9WFX5	32.258	31	21	0	224	254	80	110	6.3	21.6
Q84527	F9UST4	50.000	14	7	0	334	347	222	235	7.4	21.2
Q84527	Q24570	42.857	21	12	0	163	183	104	124	7.5	20.8
Q84527	P46075	29.310	58	35	1	262	319	515	566	8.5	21.2
Q84527	A6V1E4	22.500	40	28	1	329	365	131	170	9.0	20.8
Q84527	A0A024RAV5	60.000	15	6	0	311	325	105	119	10.0	20.4
Q87SR8	Q87SR8	100.000	626	0	0	1	626	1	626	0.0	1294
Q87SR8	C7MT25	36.000	50	26	3	81	126	92	139	0.45	25.8
Q87SR8	O60016	27.083	48	35	0	431	478	14	61	1.8	24.3
Q87SR8	Q38503	26.316	19	14	0	132	150	13	31	5.8	20.8
Q87SR8	Q8TZY3	18.182	44	33	1	243	286	164	204	7.1	21.9
Q87SR8	Q8TZY3	31.579	38	24	1	431	468	10	45	7.3	21.9
Q87SR8	Q15208	22.414	58	40	1	413	470	5	57	8.3	21.9
Q87SR8	O41136	38.095	21	13	0	273	293	16	36	8.8	21.6
Q87W03	Q87W03	100.000	179	0	0	1	179	1	179	9.40e-137	372
Q87W03	Q9Y5P4	24.528	53	40	0	73	125	277	329	0.19	25.0
Q87W03	Q7Z6B0	32.075	53	32	1	42	94	348	396	0.69	23.1
Q87W03	P67087	25.397	63	46	1	33	95	179	240	1.4	21.9
Q87W03	A0QWG5	31.579	38	21	1	103	140	252	284	3.4	20.8
Q87W03	P11349	26.316	76	45	4	12	77	181	255	5.7	20.4
Q87W03	Q8ZPX9	34.146	41	20	2	34	67	210	250	6.2	20.0
Q87W03	P16778	35.484	31	17	1	17	47	360	387	7.1	20.0
Q889N2	Q889N2	100.000	80	0	0	1	80	1	80	5.84e-58	166
Q889N2	B4RLV9	34.483	29	19	0	36	64	117	145	1.4	20.4
Q889N2	Q13351	57.143	14	6	0	67	80	196	209	1.5	20.4
Q889N2	A0A0D5YE19	52.381	21	8	1	12	32	16	34	1.5	20.4
Q889N2	P0A734	26.866	67	45	3	11	75	2	66	2.4	19.2
Q889N2	B8HDZ1	32.258	31	9	1	30	60	126	144	4.3	18.9
Q889N2	Q00459	53.846	13	6	0	25	37	59	71	4.3	18.9
Q889N2	Q9NY25	26.000	50	31	2	16	65	61	104	5.5	18.5
Q889N2	A0A0H3JPM4	50.000	16	8	0	3	18	34	49	5.9	18.5
Q889N2	O25175	27.500	40	29	0	1	40	221	260	6.2	18.5
Q889N2	Q9BT30	38.095	21	13	0	1	21	143	163	6.2	18.5
Q889N2	Q93RS6	30.000	20	14	0	55	74	165	184	8.9	18.1
Q88CM1	Q88CM1	100.000	207	0	0	1	207	1	207	2.53e-155	422
Q88CM1	A0A223GEC9	29.091	55	37	1	36	90	60	112	2.2	21.9
Q88CM1	Q663P0	25.000	28	21	0	107	134	33	60	2.5	21.2
Q88CM1	D9SIP4	34.615	26	17	0	169	194	451	476	3.9	21.2
Q88CM1	P09167	25.373	67	44	2	143	204	285	350	7.2	20.4
Q88CM1	P13717	26.316	57	30	1	85	141	127	171	8.7	20.0
Q88CM1	O67757	20.000	75	58	1	2	76	133	205	9.3	19.6
Q88CM1	Q6Q0J0	43.750	16	9	0	110	125	201	216	10.0	19.6
Q89VT6	Q89VT6	100.000	90	0	0	1	90	1	90	8.92e-64	181
Q89VT6	Q9Y5P4	29.688	64	39	2	13	76	427	484	0.022	25.8
Q89VT6	P23945	33.333	18	12	0	65	82	111	128	4.1	19.2
Q89VT6	Q9H0F5	30.769	26	18	0	60	85	446	471	5.2	19.2
Q89VT6	O14733	26.923	26	17	1	60	83	77	102	6.7	18.9
Q89VT6	O25175	77.778	9	2	0	50	58	254	262	7.4	18.5
Q89VT6	Q53VW9	50.000	12	6	0	38	49	71	82	8.6	18.1
Q8A336	Q8A336	100.000	214	0	0	1	214	1	214	3.87e-164	445
Q8A336	F7YBW8	37.500	24	15	0	103	126	69	92	0.52	23.1
Q8A336	A9CIG0	29.412	34	24	0	140	173	33	66	1.8	21.6
Q8A336	A0A109PTH9	25.806	62	45	1	57	118	428	488	2.6	21.6
Q8A336	P23657	27.586	29	21	0	8	36	125	153	3.3	21.2
Q8A336	P9WQ67	28.378	74	48	1	19	87	19	92	4.5	20.8
Q8A336	Q8TBZ6	42.105	19	10	1	195	212	207	225	7.3	20.4
Q8DWD0	Q8DWD0	100.000	217	0	0	1	217	1	217	3.33e-162	440
Q8DWD0	C7MT25	37.097	62	39	0	19	80	89	150	5.31e-08	45.1
Q8DWD0	Q9XCC7	35.938	64	37	1	20	79	3	66	1.97e-07	43.1
Q8DWD0	A9CID8	26.923	52	38	0	27	78	14	65	0.004	30.0
Q8DWD0	P0A3Q9	29.630	27	19	0	147	173	83	109	3.4	21.2
Q8DWD0	P78556	37.500	16	10	0	155	170	30	45	4.9	20.0
Q8DWD0	P9WQB5	26.087	46	24	2	166	207	108	147	6.2	20.4
Q8DWD0	Q663P0	32.143	56	33	2	159	210	1	55	9.9	19.6
Q8IEW2	Q8IEW2	100.000	366	0	0	1	366	1	366	0.0	739
Q8IEW2	P46662	38.983	59	31	2	199	257	419	472	0.024	29.3
Q8IEW2	P02836	29.167	48	26	1	34	73	262	309	0.85	24.3
Q8IEW2	Q5TKA1	22.917	96	60	4	75	160	247	338	5.7	21.6
Q8IEW2	Q9I4X1	50.000	22	10	1	147	168	322	342	8.8	20.8
Q8ML92	Q8ML92	100.000	106	0	0	1	106	1	106	2.59e-78	219
Q8ML92	Q5LEL2	27.778	54	36	2	23	74	53	105	0.12	23.9
Q8ML92	P20581	27.586	29	21	0	59	87	26	54	4.3	19.6
Q8ML92	P23945	20.408	49	33	2	35	77	271	319	4.4	19.6
Q8ML92	E1BSW7	26.923	26	19	0	27	52	43	68	4.9	19.2
Q8ML92	Q9H7Z6	31.579	19	13	0	34	52	208	226	5.9	19.2
Q8ML92	Q7Y5B1	29.167	24	17	0	21	44	50	73	6.4	18.5
Q8TBZ6	Q8TBZ6	100.000	339	0	0	1	339	1	339	0.0	704
Q8TBZ6	A3DBG4	40.909	22	13	0	82	103	76	97	2.8	22.3
Q8TBZ6	A3DBG4	24.176	91	59	2	7	87	43	133	6.2	21.2
Q8TBZ6	Q99538	33.333	27	18	0	264	290	3	29	5.3	21.6
Q8TBZ6	P45379	38.462	26	16	0	243	268	226	251	9.9	20.4
Q8TZY3	Q8TZY3	100.000	212	0	0	1	212	1	212	4.83e-149	406
Q8TZY3	O68720	45.455	22	12	0	81	102	148	169	0.88	23.1
Q8TZY3	Q5TKA1	33.333	36	17	1	7	42	339	367	1.7	22.3
Q8TZY3	Q87SR8	18.750	48	36	1	164	208	243	290	1.9	22.3
Q8TZY3	Q87SR8	31.579	38	24	1	10	45	431	468	4.6	21.2
Q8VSD5	Q8VSD5	100.000	212	0	0	1	212	1	212	3.74e-164	444
Q8VSD5	Q9Z2X2	30.263	76	49	2	105	177	2	76	0.42	23.9
Q8VSD5	Q9BY41	29.630	27	19	0	86	112	66	92	1.4	22.3
Q8VSD5	D3GUV9	36.364	22	14	0	68	89	517	538	3.8	21.2
Q8VSD5	Q9M8R4	32.075	53	30	2	6	52	168	220	4.1	21.2
Q8VSD5	O95400	25.926	27	20	0	34	60	9	35	5.2	20.8
Q8VSD5	P34913	55.000	20	7	1	71	90	291	308	5.4	20.8
Q8VSD5	Q9BTE3	25.974	77	47	2	61	137	392	458	5.5	20.8
Q8VSD5	C0JWR6	43.750	16	9	0	167	182	115	130	8.2	20.0
Q8XI95	Q8XI95	100.000	147	0	0	1	147	1	147	2.95e-107	295
Q8XI95	Q98IZ3	42.424	33	17	1	26	56	115	147	2.9	20.4
Q8XI95	Q5SM28	25.490	51	34	1	46	92	210	260	4.6	20.4
Q8Y9T5	Q8Y9T5	100.000	205	0	0	1	205	1	205	4.38e-149	406
Q8ZPX9	Q8ZPX9	100.000	262	0	0	1	262	1	262	0.0	531
Q8ZPX9	Q9S7E4	27.273	44	24	1	51	86	256	299	1.7	22.7
Q8ZPX9	O68720	33.333	24	16	0	237	260	111	134	3.9	21.6
Q8ZPX9	Q1MVD4	31.818	22	15	0	33	54	27	48	4.5	20.4
Q8ZPX9	Q87W03	34.146	41	20	2	210	250	34	67	9.1	20.0
Q8ZPX9	Q9JYH5	26.087	46	28	1	170	215	18	57	9.5	20.0
Q8ZVX8	Q8ZVX8	100.000	138	0	0	1	138	1	138	3.99e-97	269
Q8ZVX8	A0QWG5	30.645	62	37	3	35	91	182	242	0.092	25.0
Q8ZVX8	Q9Z2X2	35.484	31	13	1	85	108	76	106	2.1	21.2
Q8ZVX8	Q9H1R3	24.324	37	25	1	11	47	93	126	8.9	19.2
Q91UM2	Q91UM2	100.000	218	0	0	1	218	1	218	1.50e-167	454
Q91UM2	U3J0P1	45.000	20	10	1	91	110	25	43	1.5	21.9
Q91UM2	O14733	34.091	44	29	0	139	182	370	413	3.6	21.2
Q91UM2	P9WQ67	32.258	31	21	0	175	205	47	77	3.8	21.2
Q91UM2	Q9P7M3	30.000	30	21	0	174	203	241	270	5.3	20.8
Q91UM2	D9PY12	38.889	18	11	0	18	35	183	200	5.3	20.8
Q91UM2	Q9H7Z6	28.571	28	20	0	49	76	302	329	9.6	20.0
Q93RS6	Q93RS6	100.000	190	0	0	1	190	1	190	3.86e-142	387
Q93RS6	Q9H7Z6	27.907	43	25	2	65	102	305	346	1.8	21.9
Q93RS6	W6EQP0	44.444	27	11	1	144	170	189	211	2.9	21.2
Q93RS6	P02836	40.000	25	14	1	110	133	392	416	4.6	20.8
Q93RS6	P23657	43.478	23	13	0	111	133	31	53	6.5	20.0
Q93RS6	O95278	44.444	27	15	0	145	171	13	39	7.2	20.0
Q94IF5	Q94IF5	100.000	348	0	0	1	348	1	348	0.0	721
Q94IF5	O69787	25.581	86	57	3	146	230	148	227	1.9	23.1
Q94IF5	Q72GF3	34.615	26	17	0	45	70	10	35	3.8	21.9
Q94IF5	Q99FX5	22.857	70	49	2	151	219	99	164	5.6	21.6
Q94IF5	Q9HYC4	35.294	34	17	1	13	46	24	52	7.9	20.8
Q95XC8	Q95XC8	100.000	352	0	0	1	352	1	352	0.0	736
Q95XC8	P46662	24.272	103	71	4	247	343	258	359	4.9	21.9
Q98IZ3	Q98IZ3	100.000	150	0	0	1	150	1	150	8.52e-112	307
Q98IZ3	Q8XI95	42.424	33	17	1	115	147	26	56	2.9	20.4
Q98IZ3	O31511	53.846	13	6	0	133	145	115	127	6.3	19.6
Q99538	Q99538	100.000	433	0	0	1	433	1	433	0.0	909
Q99538	A6V1E4	25.862	58	30	2	246	292	149	204	2.8	22.7
Q99538	P37173	25.641	78	53	1	248	325	314	386	3.1	22.7
Q99538	P37090	35.294	34	19	2	55	88	153	183	3.2	22.7
Q99538	P10746	27.660	47	27	1	72	118	217	256	3.4	22.3
Q99538	Q2G542	33.333	24	16	0	190	213	116	139	4.9	21.9
Q99538	Q8TBZ6	33.333	27	18	0	3	29	264	290	7.5	21.6
Q99538	Q15388	30.000	30	21	0	297	326	116	145	7.7	21.2
Q99538	Q9BTE3	26.984	63	40	1	363	425	337	393	7.9	21.6
Q99593	Q99593	100.000	518	0	0	1	518	1	518	0.0	1083
Q99593	G4RIN4	34.375	32	18	1	179	207	230	261	1.6	23.9
Q99593	P40515	33.333	27	18	0	452	478	15	41	2.6	22.7
Q99593	P17901	23.529	85	55	3	412	486	170	254	3.1	23.1
Q99593	Q5SMC7	22.667	75	53	2	181	250	4	78	7.8	21.6
Q99FX5	Q99FX5	100.000	496	0	0	1	496	1	496	0.0	1026
Q99FX5	E1BSW7	33.333	54	33	1	442	495	87	137	0.63	24.3
Q99FX5	P46075	35.849	53	32	1	135	187	161	211	1.4	24.3
Q99FX5	Q01786	27.586	29	21	0	122	150	187	215	2.2	23.5
Q99FX5	C9K1X5	27.500	40	29	0	348	387	51	90	5.5	21.9
Q99FX5	P37173	28.571	84	46	5	198	281	242	311	9.1	21.6
Q99FX5	A0A024RAV5	28.125	32	23	0	421	452	98	129	9.1	21.2
Q9BQB4	Q9BQB4	100.000	213	0	0	1	213	1	213	3.56e-162	439
Q9BQB4	Q9M8R4	25.962	104	49	6	49	137	76	166	2.2	21.9
Q9BQB4	P30014	32.353	34	21	1	64	97	140	171	6.1	20.4
Q9BQB4	P15529	36.111	36	14	2	46	80	164	191	8.3	20.0
Q9BQB4	O14733	33.333	30	19	1	12	41	99	127	8.4	20.0
Q9BQB4	Q9BY41	27.500	40	23	1	112	145	324	363	8.6	20.0
Q9BT30	Q9BT30	100.000	221	0	0	1	221	1	221	2.71e-162	441
Q9BT30	P06601	30.769	39	23	1	25	63	79	113	0.66	23.9
Q9BT30	Q9BUH6	41.935	31	17	1	12	41	162	192	1.5	22.3
Q9BT30	P13081	25.000	36	27	0	114	149	85	120	6.7	20.0
Q9BT30	Q4WQS0	30.952	42	25	2	182	221	257	296	9.3	20.0
Q9BTE3	Q9BTE3	100.000	642	0	0	1	642	1	642	0.0	1335
Q9BTE3	F9UST4	36.735	49	27	2	458	503	29	76	1.7	23.9
Q9BTE3	Q9H0F5	39.394	33	20	0	314	346	27	59	4.8	22.7
Q9BTE3	P29241	30.435	46	27	1	76	116	193	238	6.0	22.3
Q9BTE3	D9PY12	24.138	58	40	1	557	610	57	114	7.5	21.9
Q9BUH6	Q9BUH6	100.000	204	0	0	1	204	1	204	7.69e-147	400
Q9BUH6	Q9BT30	41.935	31	17	1	162	192	12	41	1.4	22.3
Q9BUH6	O68720	42.105	19	11	0	10	28	207	225	2.1	21.9
Q9BUH6	O75807	45.455	22	12	0	33	54	588	609	3.1	21.6
Q9BUH6	Q7Z6B0	32.609	46	24	2	99	144	112	150	4.5	20.8
Q9BUH6	Q13227	34.286	35	22	1	132	165	249	283	4.6	20.8
Q9BUH6	Q5SIT3	52.632	19	6	1	59	77	25	40	4.7	19.6
Q9BUH6	Q396C5	77.778	9	2	0	15	23	167	175	6.9	20.0
Q9BUH6	Q9XCC7	35.484	31	18	1	170	198	110	140	9.9	19.6
Q9BY41	Q9BY41	100.000	377	0	0	1	377	1	377	0.0	786
Q9BY41	P11086	31.818	44	26	1	134	177	120	159	0.59	24.6
Q9BY41	Q8VSD5	29.630	27	19	0	66	92	86	112	2.5	22.3
Q9BY41	D3GUV9	24.242	99	62	3	198	291	185	275	3.8	22.3
Q9BY41	P17901	21.875	96	57	2	292	377	56	143	6.0	21.6
Q9BY41	G3XP38	35.135	37	23	1	239	275	351	386	6.5	21.6
Q9BY41	Q4KC91	27.027	74	39	4	56	116	38	109	10.0	20.4
Q9BZE9	Q9BZE9	100.000	553	0	0	1	553	1	553	0.0	1112
Q9BZE9	Q6Q0J0	28.302	53	36	1	32	82	216	268	0.14	27.3
Q9BZE9	P23657	58.333	12	5	0	326	337	3	14	1.6	23.5
Q9BZE9	O74986	40.476	42	23	2	244	284	100	140	2.3	23.5
Q9BZE9	Q2G542	27.273	77	42	3	13	89	48	110	3.2	22.7
Q9BZE9	O25140	26.471	34	21	1	406	439	95	124	3.9	22.3
Q9BZE9	O00762	36.842	19	12	0	167	185	95	113	6.0	21.9
Q9BZE9	Q9Y5P4	36.364	22	14	0	43	64	79	100	6.3	22.3
Q9BZE9	Q57221	47.619	21	8	1	205	222	93	113	6.6	21.6
Q9BZE9	P49599	35.714	28	17	1	403	430	298	324	6.9	21.9
Q9BZE9	D9SIP4	41.667	24	14	0	246	269	22	45	8.0	21.9
Q9BZI7	Q9BZI7	100.000	483	0	0	1	483	1	483	0.0	954
Q9BZI7	P46662	35.714	42	25	1	208	249	319	358	0.79	25.0
Q9BZI7	Q9Y5P4	29.885	87	54	4	163	243	216	301	2.0	23.5
Q9BZI7	P49599	31.250	64	39	3	281	341	143	204	3.2	22.7
Q9BZI7	Q15208	23.776	143	100	3	174	314	1	136	3.7	22.7
Q9BZI7	Q6Q0J0	40.625	32	19	0	267	298	246	277	4.8	22.3
Q9C8L4	Q9C8L4	100.000	294	0	0	1	294	1	294	0.0	603
Q9C8L4	P20581	35.484	31	20	0	105	135	64	94	1.0	23.5
Q9C8L4	O14733	42.105	19	11	0	166	184	276	294	2.0	22.7
Q9C8L4	P9WN95	27.000	100	55	5	57	153	269	353	3.9	21.6
Q9C8L4	P36094	26.190	42	26	1	211	247	252	293	5.1	21.2
Q9C8L4	Q9XVS8	22.500	40	30	1	252	291	78	116	7.1	20.8
Q9C8L4	V9P0A9	29.167	24	17	0	57	80	221	244	7.8	20.8
Q9C8L4	Q9LSI9	23.404	47	36	0	110	156	254	300	8.8	20.8
Q9C8L4	O41136	27.778	36	26	0	39	74	115	150	9.8	20.4
Q9H0F5	Q9H0F5	100.000	515	0	0	1	515	1	515	0.0	1038
Q9H0F5	B3PDE5	31.707	41	26	1	291	329	122	162	1.6	23.9
Q9H0F5	P11349	21.154	104	64	4	71	174	106	191	2.1	23.5
Q9H0F5	O60888	21.951	82	52	2	7	76	65	146	3.8	22.3
Q9H0F5	Q9BTE3	39.394	33	20	0	27	59	314	346	4.3	22.7
Q9H0F5	P77173	30.769	26	18	0	118	143	37	62	5.6	21.9
Q9H0F5	P02881	50.000	14	7	0	369	382	32	45	6.8	20.0
Q9H1R3	Q9H1R3	100.000	596	0	0	1	596	1	596	0.0	1229
Q9H1R3	Q15208	27.636	275	147	10	287	517	91	357	9.28e-23	94.4
Q9H1R3	O14733	22.662	278	164	12	291	540	126	380	7.65e-11	57.0
Q9H1R3	P37173	26.347	167	91	8	337	477	299	459	7.17e-06	41.6
Q9H1R3	Q9LSI9	26.087	161	103	6	330	479	350	505	6.90e-04	35.0
Q9H1R3	Q9LSI9	38.235	34	21	0	277	310	473	506	2.0	23.9
Q9H1R3	Q2G542	40.000	35	15	1	16	44	23	57	1.7	23.9
Q9H1R3	Q51782	53.333	15	7	0	495	509	82	96	2.4	23.5
Q9H1R3	O74986	40.000	30	18	0	535	564	14	43	5.7	22.3
Q9H1R3	W6EQP0	25.773	97	65	2	129	218	34	130	8.2	21.9
Q9H7Z6	Q9H7Z6	100.000	458	0	0	1	458	1	458	0.0	955
Q9H7Z6	Q9S7E4	39.394	33	18	1	169	201	295	325	0.33	25.8
Q9H7Z6	F9UST4	36.364	22	14	0	174	195	79	100	3.3	22.7
Q9H7Z6	A0A0H3JPM4	31.667	60	32	2	354	404	54	113	3.7	21.9
Q9H7Z6	F7YBW8	22.034	59	42	1	104	158	4	62	4.0	21.6
Q9H7Z6	Q93RS6	27.907	43	25	2	305	346	65	102	4.5	21.9
Q9H7Z6	P30014	80.000	10	2	0	275	284	57	66	7.3	21.6
Q9H7Z6	P9WK15	47.619	21	11	0	145	165	190	210	8.2	21.2
Q9HU04	Q9HU04	100.000	147	0	0	1	147	1	147	1.13e-110	304
Q9HU04	Q5LAZ3	27.778	54	33	2	53	100	46	99	3.4	20.0
Q9HU04	F6BCS4	50.000	14	7	0	44	57	148	161	4.5	20.0
Q9HU04	C6KSZ2	33.333	30	18	1	51	80	232	259	8.4	19.6
Q9HV00	Q9HV00	100.000	309	0	0	1	309	1	309	0.0	616
Q9HV00	Q13351	24.286	70	41	2	204	273	304	361	1.7	23.1
Q9HV00	P0A6H1	38.095	21	13	0	202	222	6	26	9.9	20.4
Q9HYC4	Q9HYC4	100.000	145	0	0	1	145	1	145	1.85e-105	291
Q9HYC4	Q94IF5	30.952	42	24	1	16	52	5	46	0.51	23.1
Q9HYC4	P15529	21.429	28	22	0	106	133	149	176	3.0	20.8
Q9HYC4	Q9H0F5	32.000	25	17	0	14	38	1	25	4.0	20.4
Q9HYC4	Q99538	36.585	41	22	2	33	72	84	121	4.4	20.4
Q9HYC4	C4YMW2	25.000	48	36	0	46	93	104	151	4.8	20.0
Q9HYC4	F9UST4	38.889	18	11	0	15	32	175	192	5.0	20.0
Q9HYC4	A3DBG4	33.333	36	23	1	20	54	326	361	6.5	19.6
Q9HYC4	D3GUV9	21.739	69	50	1	50	118	401	465	7.8	19.6
Q9HYC4	Q9BUH6	46.667	15	8	0	41	55	189	203	8.1	19.2
Q9HYC4	P30014	36.000	25	16	0	6	30	157	181	8.8	19.2
Q9I380	Q9I380	100.000	135	0	0	1	135	1	135	4.10e-97	269
Q9I380	Q00459	42.105	19	11	0	80	98	3	21	5.0	19.6
Q9I380	Q99538	48.276	29	13	1	75	103	356	382	5.4	20.0
Q9I380	Q6Q0J0	34.483	29	19	0	31	59	51	79	9.6	19.2
Q9I380	P46662	38.462	26	16	0	104	129	177	202	10.0	19.2
Q9I4X1	Q9I4X1	100.000	348	0	0	1	348	1	348	0.0	716
Q9I4X1	Q9P7M3	42.308	26	14	1	72	97	199	223	5.3	21.6
Q9I4X1	P77173	39.286	28	15	1	166	191	27	54	7.2	21.2
Q9I4X1	Q87SR8	30.303	33	16	1	136	168	429	454	7.7	21.2
Q9I4X1	Q8IEW2	50.000	22	10	1	322	342	147	168	7.9	21.2
Q9I4X1	Q663P0	27.027	37	27	0	38	74	89	125	8.1	20.4
Q9JYH5	Q9JYH5	100.000	143	0	0	1	143	1	143	1.85e-107	295
Q9JYH5	Q8ZPX9	26.087	46	28	1	18	57	170	215	5.2	20.0
Q9JYH5	O69245	29.787	47	30	1	46	89	184	230	6.2	19.6
Q9LSI9	Q9LSI9	100.000	605	0	0	1	605	1	605	0.0	1239
Q9LSI9	P37173	26.126	222	125	7	317	509	254	465	2.15e-13	65.5
Q9LSI9	O14733	28.972	107	60	4	405	504	221	318	3.90e-06	42.0
Q9LSI9	Q9H1R3	25.466	161	104	5	350	505	330	479	4.60e-04	35.8
Q9LSI9	Q9H1R3	38.235	34	21	0	473	506	277	310	1.8	23.9
Q9LSI9	P16778	47.368	19	7	1	244	262	14	29	4.2	22.7
Q9LSI9	Q15208	17.563	279	179	8	265	504	52	318	9.4	21.6
Q9M8R4	Q9M8R4	100.000	388	0	0	1	388	1	388	0.0	803
Q9M8R4	P36094	50.000	20	10	0	268	287	147	166	0.11	26.9
Q9M8R4	A0A223GEC9	39.394	33	19	1	236	268	203	234	0.55	24.6
Q9M8R4	F6BCS4	38.095	42	24	1	136	175	6	47	0.58	24.6
Q9M8R4	P17901	34.483	29	19	0	272	300	24	52	4.8	21.9
Q9M8R4	D9PY12	25.287	87	39	3	175	241	36	116	5.7	21.6
Q9M8R4	P37551	26.562	128	73	6	86	209	97	207	7.0	21.2
Q9M8R4	Q8VSD5	32.075	53	30	2	168	220	6	52	7.4	21.2
Q9M8R4	O14733	30.909	55	32	3	257	311	344	392	8.9	21.2
Q9NRQ2	Q9NRQ2	100.000	329	0	0	1	329	1	329	0.0	684
Q9NRQ2	A0A010	27.273	66	43	2	194	254	81	146	1.1	23.5
Q9NRQ2	Q13351	72.727	11	3	0	188	198	334	344	2.4	22.7
Q9NRQ2	Q13351	34.615	52	29	1	43	94	186	232	5.2	21.6
Q9NRQ2	Q84527	30.952	42	28	1	221	262	256	296	6.2	21.2
Q9NRQ2	C6KSZ2	22.500	80	50	3	9	88	80	147	7.6	21.2
Q9NRQ2	Q9I4X1	27.027	111	52	4	9	102	214	312	7.7	20.8
Q9NRQ2	C4YMW2	27.273	22	16	0	180	201	178	199	8.1	20.8
Q9NY25	Q9NY25	100.000	188	0	0	1	188	1	188	6.80e-144	391
Q9NY25	Q7Z6B0	34.783	23	15	0	37	59	106	128	1.2	22.3
Q9NY25	D3GUV9	21.739	46	35	1	76	120	72	117	1.2	22.7
Q9NY25	Q84527	36.000	25	13	1	109	133	299	320	5.6	20.4
Q9NY25	Q84527	35.000	20	13	0	144	163	51	70	6.9	20.0
Q9NY25	P06601	43.750	16	9	0	46	61	419	434	6.5	20.4
Q9NY25	Q4WF29	22.222	36	28	0	82	117	56	91	8.8	19.6
Q9P7M3	Q9P7M3	100.000	271	0	0	1	271	1	271	0.0	563
Q9P7M3	Q9I4X1	42.308	26	14	1	199	223	72	97	4.2	21.6
Q9P7M3	P34913	21.951	123	61	5	34	147	247	343	4.2	21.6
Q9P7M3	P16778	25.862	58	38	2	117	171	238	293	4.4	21.6
Q9P7M3	Q01786	22.535	71	44	2	49	111	192	259	6.2	20.8
Q9P7M3	Q91UM2	30.000	30	21	0	241	270	174	203	6.6	20.8
Q9P7M3	Q5SM28	25.882	85	54	5	152	233	385	463	9.6	20.4
Q9RHG4	Q9RHG4	100.000	114	0	0	1	114	1	114	1.55e-83	233
Q9RHG4	Q47212	29.630	54	29	2	1	53	231	276	4.1	19.6
Q9RHG4	Q5TKA1	26.829	41	29	1	21	61	225	264	4.9	19.6
Q9RHG4	P37173	38.095	42	21	3	35	73	416	455	6.4	19.2
Q9RHG4	A0QP50	42.105	19	11	0	51	69	25	43	6.5	18.9
Q9RHG4	A0A010	41.667	12	7	0	86	97	142	153	8.7	18.9
Q9RHG4	Q5LEL2	31.707	41	24	1	44	84	15	51	9.3	18.5
Q9S7E4	Q9S7E4	100.000	384	0	0	1	384	1	384	0.0	801
Q9S7E4	Q9H7Z6	39.394	33	18	1	295	325	169	201	0.19	26.2
Q9S7E4	P56162	26.923	52	33	1	97	143	17	68	2.8	22.3
Q9S7E4	Q8ZPX9	27.273	44	24	1	256	299	51	86	3.0	22.3
Q9S7E4	O14733	24.051	79	57	1	181	259	104	179	3.5	22.3
Q9S7E4	A0A0D5YE19	35.484	31	20	0	133	163	17	47	4.9	21.9
Q9S7E4	G7K2D1	35.294	34	22	0	199	232	44	77	6.1	21.6
Q9S7E4	Q3U4G3	37.500	24	11	1	208	227	149	172	6.1	21.6
Q9UNP9	Q9UNP9	100.000	301	0	0	1	301	1	301	0.0	625
Q9UNP9	D0VWS5	36.957	138	72	3	154	279	16	150	5.80e-20	79.3
Q9UNP9	Q15208	30.357	56	36	1	8	60	147	202	1.2	23.5
Q9UNP9	Q13227	32.432	37	25	0	228	264	123	159	2.0	22.7
Q9UNP9	O74986	43.750	16	9	0	87	102	239	254	6.0	21.2
Q9UNP9	P77173	40.000	25	10	1	219	238	223	247	6.2	21.2
Q9XCC7	Q9XCC7	100.000	226	0	0	1	226	1	226	1.61e-164	447
Q9XCC7	Q8DWD0	35.938	64	37	1	3	66	20	79	2.05e-07	43.1
Q9XCC7	C7MT25	25.806	62	46	0	5	66	92	153	4.54e-04	33.5
Q9XCC7	P40080	32.000	25	17	0	160	184	124	148	1.6	22.3
Q9XCC7	A0PL01	41.935	31	15	1	90	117	111	141	3.3	21.2
Q9XCC7	O68720	21.782	101	68	3	5	100	373	467	3.6	21.6
Q9XVS8	Q9XVS8	100.000	421	0	0	1	421	1	421	0.0	878
Q9XVS8	G3XP38	20.388	103	76	2	41	142	243	340	6.8	21.6
Q9XVS8	Q9C8L4	22.500	40	30	1	78	116	252	291	7.6	21.2
Q9Y5P4	Q9Y5P4	100.000	624	0	0	1	624	1	624	0.0	1306
Q9Y5P4	Q89VT6	29.688	64	39	2	427	484	13	76	0.18	25.8
Q9Y5P4	F9USS0	44.000	25	14	0	498	522	34	58	0.36	25.4
Q9Y5P4	Q87W03	24.528	53	40	0	277	329	73	125	0.68	25.0
Q9Y5P4	Q15388	40.000	20	12	0	282	301	25	44	1.5	23.5
Q9Y5P4	Q9BZE9	36.364	22	14	0	79	100	43	64	7.8	21.9
Q9Y5P4	C0JWR6	26.667	30	22	0	371	400	119	148	8.8	21.6
Q9Y6K8	Q9Y6K8	100.000	562	0	0	1	562	1	562	0.0	1154
Q9Y6K8	P15529	29.310	58	32	2	494	545	76	130	1.8	23.9
Q9Y6K8	O29915	28.205	39	21	1	127	158	100	138	4.2	22.7
Q9Y6K8	B3PDE5	20.253	79	55	2	123	195	228	304	4.8	22.3
Q9Y6K8	Q72GF3	24.528	53	27	1	98	150	85	124	5.5	22.3
Q9Y6K8	P17901	25.373	67	42	3	212	276	185	245	5.6	22.3
Q9Y6K8	O41136	44.000	25	13	1	375	399	108	131	7.5	21.6
Q9Z2X2	Q9Z2X2	100.000	231	0	0	1	231	1	231	3.77e-176	476
Q9Z2X2	Q8VSD5	30.263	76	49	2	2	76	105	177	0.46	23.9
Q9Z2X2	Q5SM28	27.500	40	24	1	174	208	293	332	3.3	21.6
Q9Z2X2	Q8ZVX8	35.484	31	13	1	76	106	85	108	3.6	21.2
Q9Z2X2	P29241	29.730	37	26	0	111	147	246	282	4.0	21.2
Q9Z2X2	P23945	25.532	47	34	1	5	51	396	441	5.5	20.8
Q9Z2X2	Q24570	32.353	34	20	1	112	142	102	135	6.3	20.4
Q9Z2X2	P11349	47.368	19	10	0	138	156	275	293	9.0	20.0
S7UWA0	S7UWA0	100.000	399	0	0	1	399	1	399	0.0	790
S7UWA0	O07747	25.234	107	74	2	220	323	44	147	0.25	25.4
S7UWA0	Q9M8R4	22.807	114	66	4	206	314	287	383	0.97	24.3
S7UWA0	A0A010	26.027	73	50	1	326	394	147	219	1.7	23.1
S7UWA0	Q13227	26.761	71	47	3	270	340	125	190	4.1	21.9
S7UWA0	C9K1X5	23.913	46	31	1	349	390	18	63	8.1	21.2
U3J0P1	U3J0P1	100.000	147	0	0	1	147	1	147	6.54e-109	300
U3J0P1	P11349	28.261	46	28	1	18	63	423	463	0.62	23.1
U3J0P1	O07747	27.928	111	57	6	16	126	50	137	0.65	22.7
U3J0P1	Q91UM2	45.000	20	10	1	25	43	91	110	0.99	21.9
U3J0P1	Q9LSI9	37.143	35	17	2	17	47	488	521	2.7	21.2
U3J0P1	P09167	27.778	54	33	1	27	80	21	68	3.3	20.8
U3J0P1	Q87SR8	37.500	32	19	1	5	36	318	348	3.5	20.8
U3J0P1	D3GUV9	33.333	45	25	2	89	132	207	247	4.3	20.4
V9P0A9	V9P0A9	100.000	283	0	0	1	283	1	283	0.0	592
V9P0A9	P56162	28.395	81	48	3	208	278	2	82	0.16	25.8
V9P0A9	Q9C8L4	29.167	24	17	0	221	244	57	80	7.5	20.8
W6EQP0	W6EQP0	100.000	501	0	0	1	501	1	501	0.0	1046
W6EQP0	Q1MVD4	26.027	73	36	3	364	428	10	72	0.012	28.5
W6EQP0	Q1MVD4	25.301	83	52	2	300	381	3	76	0.20	25.0
W6EQP0	Q1MVD4	47.368	19	10	0	410	428	5	23	2.3	21.9
W6EQP0	P9WGX5	28.571	63	32	3	284	333	164	226	0.85	24.6
W6EQP0	P38877	70.000	10	3	0	231	240	123	132	3.9	21.9
W6EQP0	P11349	27.536	69	28	4	365	431	183	231	5.0	22.3
W6EQP0	B3PDE5	32.258	31	21	0	116	146	133	163	5.4	21.9
W6EQP0	Q4WQS0	43.478	23	13	0	242	264	214	236	7.6	21.6
W6EQP0	O25175	29.032	62	41	2	367	428	102	160	8.4	21.6
